HITID,title,Worker1,rating,asdf,Date
3GKAWYFRAPT725IBROLXFVTKIU5PDM,Canadian MPs hold first caucuses since shooting: 'Nothing is going to stop us',AS9E0S6DBSWH7,2,2.0,2015-03-31 00:45:34 UTC
3CKVGCS3PG5AGDX97T1WVTECBP40SL,Win your lover back (for &#163;3,A34MLDXV03B7K9,2,2.0,2015-03-31 01:13:51 UTC
3QGHA0EA0J047HHSPE8MCZDG86XBWX,Wen Jiabao talks of democracy and freedom in CNN interview,A34MLDXV03B7K9,2,2.0,2015-03-31 01:14:04 UTC
372AGES0I456CO37VGQYEXWRZU5RXI,British forces try to mend fences in town where six soldiers died,A34MLDXV03B7K9,2,2.0,2015-03-31 01:14:35 UTC
3W5PY7V3UP7EE5A4S73RVKH9RJ6JYP,Big test for pride of Iraqi arsenal,A1GKEEI844CEKI,1,1.0,2015-03-31 00:42:37 UTC
3KQC8JMJGCSH7WIQFM7GTD5H5Q7H3C,41 held over Turkish terror links,A1GKEEI844CEKI,1,1.0,2015-03-31 00:41:54 UTC
31ODACBENUFY4628ORVBAZ5UOT2SQB,India urges US to drop charges against diplomat Devyani Khobragade,A109CH3492UU42,1,1.0,2015-03-31 01:18:08 UTC
3B623HUYJ4QSY22C2XEBO8KUUNG8SG,Iran 'could maintain nuclear freeze',A1GKEEI844CEKI,1,1.0,2015-03-31 00:42:31 UTC
334ZEL5JX6FVJUPS9E37LUAU9SJSO2,Divided by war,A1GKEEI844CEKI,1,1.0,2015-03-31 00:43:57 UTC
32XN26MTXZJNC02JNK4VJ70HJVW0L7,China: toddler caught after falling five storeys from building - video,AS9E0S6DBSWH7,1,1.0,2015-03-31 00:43:56 UTC
37OPIVELUU3HRHHBO1MQGLJNB0ZHA8,India frees UK arms smuggler,A1GKEEI844CEKI,1,1.0,2015-03-31 00:44:39 UTC
3X55NP42EOG9KDGEYZFL2M78RHGP3O,Rape protests spread beyond India,AS9E0S6DBSWH7,1,1.0,2015-03-31 00:45:10 UTC
3ZRKL6Z1E837RH8ULVQZGL1SI6SSGF,Donetsk residents happy as barricades are removed - video,AS9E0S6DBSWH7,1,1.0,2015-03-31 00:45:14 UTC
3Y3N5A7N4G94FDGPV4GJBC9QVD1YM8,Captured UK personnel shown on Iranian TV,AS9E0S6DBSWH7,1,1.0,2015-03-31 00:48:15 UTC
385MDVINFCFAP0F4D6L3ANWTGB6JWQ,Sweden: Spring breaks the ice on a lakeland walk,AS9E0S6DBSWH7,1,1.0,2015-03-31 00:46:55 UTC
3BPP3MA3TCKM3QHDVR3A4W2LDW6EL7,Canadian team finds Franklin ship on seabed  video,AS9E0S6DBSWH7,1,1.0,2015-03-31 00:47:24 UTC
3HYV4299H0WROJXU12U6ZRGFTW78EF,World execution numbers fall,A109CH3492UU42,1,1.0,2015-03-31 01:08:43 UTC
3ZFRE2BDQ9EFEFPY5XKB00YQ8BPXZI,Biden pledges support for Ukraine as east edges closer to union with Russia,A1UL8XW5GSWYAA,1,1.0,2015-03-31 01:08:43 UTC
3JY0Q5X05J641CZ3QVWIR7IPUVZGGK,Google Street View braves Canadian Arctic to chart little-known territory,A1UL8XW5GSWYAA,1,1.0,2015-03-31 01:08:56 UTC
3SA4EMRVJV2D3LHHFCX20O91O5X0P5,Polling begins in Crimeas referendum - video,AS9E0S6DBSWH7,1,1.0,2015-03-31 00:47:35 UTC
3MD8CKRQZZN5H4YIECBXNOOCOWRJRN,Stampede for 'Bush shoe' creates 100 new jobs,A9KPCMO1J1LQF,1,1.0,2015-03-31 00:47:14 UTC
356ZPKYPUHHA0GD2NK8BSG3L0ICYP4,Iranian activist wins Nobel peace prize,A1GKEEI844CEKI,1,1.0,2015-03-31 00:47:00 UTC
3H5TOKO3D9JMS3HDJHLV6R8XACN64L,New breed of Islamic politicians start to find their feet,AS9E0S6DBSWH7,1,1.0,2015-03-31 00:46:34 UTC
3E22YV8GG16GOH9OGIZ0B05EWY8PN5,Delhi attempts to reassure tourists in wake of terror fears,A1GKEEI844CEKI,1,1.0,2015-03-31 00:48:30 UTC
36AZSFEYZ40RSSHNZ43QQXU21XUVB6,Ken Bigley makes new video appeal,A34MLDXV03B7K9,1,1.0,2015-03-31 01:11:00 UTC
3087LXLJ6MG1C8SN191XOUVXMZA0F2,Bush urges Arab allies to confront Iran,A109CH3492UU42,1,1.0,2015-03-31 01:11:17 UTC
35XW21VSVGEND9MVWMNFTD60ENFSLM,Tokyo shows its conservationist colours,A1GKEEI844CEKI,1,1.0,2015-03-31 00:51:12 UTC
3X55NP42EOG9KDGEYZFL2M78RHH3P3,Tokyo to change law so its forces can aid America,A109CH3492UU42,1,1.0,2015-03-31 01:13:07 UTC
3I7KR83SNADUOO8E2GBNXIOVXZLK90,US drops weapons and ammunition to help Kurdish fighters in Kobani,AS9E0S6DBSWH7,1,1.0,2015-03-31 00:50:43 UTC
3OZ4VAIBEXFXABFZNWG7OLDF923VJR,Monitors vow to aid new vote in Ukraine,A109CH3492UU42,1,1.0,2015-03-31 01:13:13 UTC
3126F2F5F83CUBWBNJWHLDB5I67EP5,Canada mounts expedition to find remains of 1845 British attempt to find Northwest Passage,AS9E0S6DBSWH7,1,1.0,2015-03-31 00:51:46 UTC
39O6Z4JLX2XY5VKO40V8FULUK0JXVI,Greek socialists achieve resounding win in snap election,AS9E0S6DBSWH7,1,1.0,2015-03-31 00:52:09 UTC
3EGKVCRQFWS8WMCS4FQAXWYWJEXBYW,Heroic rescue of Japanese family in tsunami-hit Sendai - video,AS9E0S6DBSWH7,1,1.0,2015-03-31 00:51:36 UTC
3D7VY91L65X825NELC2Z31BPA4IMBG,Syria: army defectors meet Arab League observers - Thursday 5 January,A109CH3492UU42,1,1.0,2015-03-31 01:12:40 UTC
3N2YPY1GI6YPZVT79V5GR50N4U7VE6,Iran bows to EU pressure to freeze uranium programme,A109CH3492UU42,1,1.0,2015-03-31 01:12:01 UTC
3VIVIU06FKCIPD1KRMUGPOF25U3MIQ,Paper plane enthusiast sets flight record,AS9E0S6DBSWH7,1,1.0,2015-03-31 00:53:00 UTC
39KV3A5D187OYOXTSSM5A8OZJ3AS7D,Yemeni journalist who reported US missile strike is released from jail,AS9E0S6DBSWH7,1,1.0,2015-03-31 00:32:36 UTC
3QI9WAYOGQB5UOJO9IHD4UO3OSQS6E,Behind the scenes of the US-Cuba deal,AS9E0S6DBSWH7,1,1.0,2015-03-31 00:34:52 UTC
341H3G5YF0E7HPJN2LV4RMBFY440ZQ,Finns arrange urgent meeting to try to bridge Cyprus divide,A109CH3492UU42,1,1.0,2015-03-31 01:12:45 UTC
36818Z1KV3D2X9AC9GXOCRIDSVH3AN,Iranians go to polls after spirited end to presidential campaign,AS9E0S6DBSWH7,1,1.0,2015-03-31 00:35:26 UTC
3X55NP42EOG9KDGEYZFL2M78RHHP3P,Iran to review election candidates ban,AS9E0S6DBSWH7,1,1.0,2015-03-31 00:35:06 UTC
3P0I4CQYVY7OQB61TJD8IJDFF5FOWD,Secular strongman edges out Iraq leader in poll endorsed by UN,AS9E0S6DBSWH7,1,1.0,2015-03-31 00:34:35 UTC
3JMNNNO3B14AJ4HW6LFBB6ACE0K2WM,Wilting German Greens elect new leaders to win back voters,AS9E0S6DBSWH7,1,1.0,2015-03-31 01:13:01 UTC
3SA4EMRVJV2D3LHHFCX20O91O5XP0U,Toronto mayor Rob Ford dances to Bob Marley in City Hall - video,AS9E0S6DBSWH7,1,1.0,2015-03-31 00:54:19 UTC
30ZKOOGW2W66N6WXMCJ5OY3GUB41AU,Japan's main opposition leader Ichiro Ozawa resigns over funding scandal,A1GKEEI844CEKI,1,1.0,2015-03-31 00:38:04 UTC
3EAWOID6MTXQ85ED1O616GYJATXV0K,Annan honours UN dead as Iraq leader predicts British pull-out,A1GKEEI844CEKI,1,1.0,2015-03-31 00:37:57 UTC
31ANT7FQN82KLB5UT5V98A31JMYH52,Press freedom campaigners condemn knife attack on Hong Kong editor,AS9E0S6DBSWH7,1,1.0,2015-03-31 00:37:12 UTC
368IUKXGA588HW3WH1DJ9PJS18JP6V,US will not reverse Middle East terror precautions in wake of foiled plot,A34MLDXV03B7K9,1,1.0,2015-03-31 01:14:12 UTC
3KA7IJSNW65EN8KRDSURK55KF9UBP2,Blair opts for delay on Iraq,A109CH3492UU42,1,1.0,2015-03-31 01:14:40 UTC
3E9VAUV7BWE3DC70Y1QE2LEQ1WCYAO,Iran digs graves for US soldiers,A109CH3492UU42,1,1.0,2015-03-31 01:15:11 UTC
3VW0145YLYCEKOLQ94FG1PU2I9RMJ1,Europe looks to Syriza for hope of change | Letter,A34MLDXV03B7K9,1,1.0,2015-03-31 01:15:09 UTC
37MQ8Z1JQEWE89CWLMXZW3VSP8KY2H,US 'reshapes Iraq reconstruction policy',A109CH3492UU42,1,1.0,2015-03-31 01:15:46 UTC
33TGB4G0LPHJS3GZZ5VTECX9NF2XT1,Turkey looks for peace with Kurds,A109CH3492UU42,1,1.0,2015-03-31 01:15:41 UTC
3W0KKJIARR9UAJP4XO59XMTKDT38KZ,Faith rises from the rubble,A109CH3492UU42,1,1.0,2015-03-31 01:15:52 UTC
3VEI3XUCZRX13F1G9PGHKKAOXVWPRS,Women hit back at India's rape culture,A109CH3492UU42,1,1.0,2015-03-31 01:14:53 UTC
3UAU495MIISBY7HWYJY70VSIUP5UOL,Yushchenko orders removal of tent camp,A109CH3492UU42,1,1.0,2015-03-31 01:16:30 UTC
3ZG552ORAM4X4FHRGBAFP4RY7RIV25,Pro-religion scientist wins Templeton prize,A1GKEEI844CEKI,1,1.0,2015-03-31 00:42:24 UTC
3OREP8RUT2B8AVRSA944QWRSEI7BGY,Curtain up,A109CH3492UU42,0,0.0,2015-03-31 01:16:54 UTC
3TKSOBLOHLGCJEJHUNCQPL0VY5FBBH,Yemen chaos forces closure of US embassy to public,A1GKEEI844CEKI,0,0.0,2015-03-31 00:41:27 UTC
3SSN80MU8COKPKQC5WH1DLAD42BXKV,China denies 10,A109CH3492UU42,0,0.0,2015-03-31 01:17:15 UTC
3OB6JN3A9QPVIC43H9OP3GGTSQMMRU,Japan tsunami and earthquake - Friday 11 March part two,A109CH3492UU42,0,0.0,2015-03-31 01:17:50 UTC
3DWGDA5POF4QFUZVX7A1KLHTFL4V1O,The Chinese toddler chained through love and fear,A109CH3492UU42,0,0.0,2015-03-31 01:17:33 UTC
37Y5RYYI0P5ID33KA5Q3471NLWOXSC,US has plan to attack Iran if needed,A1GKEEI844CEKI,0,0.0,2015-03-31 00:40:31 UTC
3EPG8DX9LKQCYS3ICI3EHJ5S5D85PV,Barack Obama seeks to limit EU fallout over US spying claims,A1S88VQY8G8CNC,0,0.0,2015-03-31 01:00:19 UTC
3KI0JD2ZU1IJBQZWLFJ293S71ED675,Joseph Stiglitz: The ruin of Russia,A109CH3492UU42,0,0.0,2015-03-31 01:17:03 UTC
32ZCLEW0BZKK5RI31K78ITOXNE2PJ0,US speaker Nancy Pelosi meets Tibet's Dalai Lama,A1S88VQY8G8CNC,0,0.0,2015-03-31 00:59:25 UTC
3VADEH0UHCXD4U1TOEGMAUFKJXGSPK,Open your eyes Europe,A9KPCMO1J1LQF,0,0.0,2015-03-31 01:02:10 UTC
3X0EMNLXEPPTWMIXI9LRLHZRI19PVL,Islamic State magazine interviews Hayat Boumeddiene,A1S88VQY8G8CNC,0,0.0,2015-03-31 00:59:34 UTC
3CRWSLD91K4SLZCNPH7L9LBOH31MOK,Golden Dawn leader charged with heading a criminal gang,A1GKEEI844CEKI,0,0.0,2015-03-31 00:41:44 UTC
3K3G488TR28XY44XCVI3HOV2A9U5QM,Rush for Arctic's resources provokes territorial tussles,A1GKEEI844CEKI,0,0.0,2015-03-31 00:42:00 UTC
37ZQELHEQ0YA3ECBO278UWBJRTXMN6,Turkish president Abdullah G&uuml;l talks to Stephen Kinzer,AS9E0S6DBSWH7,0,0.0,2015-03-31 00:42:04 UTC
3YLTXLH3DF6OELNDDK4N6G8IAMZPHW,China concludes trial of flamboyant police chief,A9KPCMO1J1LQF,0,0.0,2015-03-31 01:07:22 UTC
32ZCLEW0BZKK5RI31K78ITOXNE3JPV,Canada's 'anti-prostitution law' raises fears for sex workers' safety,A9KPCMO1J1LQF,0,0.0,2015-03-31 01:06:16 UTC
3FI30CQHVKJ6D22MYWVIE5E3K446BR,Roy goes to prison and agonises over fine or serving longer term,A9KPCMO1J1LQF,0,0.0,2015-03-31 01:06:27 UTC
3T2EL38U0MK60NO7I11Y97MM383XQN,Boeing sells first private business jet to mainland,A9KPCMO1J1LQF,0,0.0,2015-03-31 01:07:00 UTC
30EMX9PEVKJCT34DBMBEEDTLPN9SKI,Indian detectives hunt killer bandit,A109CH3492UU42,0,0.0,2015-03-31 01:06:52 UTC
3FK4G712NX0AHMHLGVKG5ZKV6HNSS0,India and Pakistan - what the papers say,AS9E0S6DBSWH7,0,0.0,2015-03-31 00:43:21 UTC
3TD33TP5DL2704EPO9CUUAGPGNUBAM,Russian gas row may cost UK customers,A109CH3492UU42,0,0.0,2015-03-31 01:06:56 UTC
39WSF6KUV2LU9BKA8JJ2WD6F81BEOO,India will pay families to have girls to end foeticide,A9KPCMO1J1LQF,0,0.0,2015-03-31 01:07:05 UTC
3KA7IJSNW65EN8KRDSURK55KF9TPBF,The first day of the new school year in Ukraine - in pictures,A9KPCMO1J1LQF,0,0.0,2015-03-31 01:07:10 UTC
3MG8450X2OATJ7TXDJBMPVX84U1UP2,Escaped snake kills two boys in Canada - video,A109CH3492UU42,0,0.0,2015-03-31 01:06:59 UTC
3GV1I4SEO9PIQBOYP9KCS8A8WYI6LE,Lonely Japanese find solace in 'rent a friend' agencies,A9KPCMO1J1LQF,0,0.0,2015-03-31 01:07:26 UTC
31YWE12TE0CWU5JSM2SS9G5RYIBX7P,Luke Harding: Moscow diary,A109CH3492UU42,0,0.0,2015-03-31 01:07:04 UTC
3KWGG5KP6J2RCAFKZCYUELH7SPIMCN,Spain under Franco: 'Marxists are retards',A1GKEEI844CEKI,0,0.0,2015-03-31 00:44:13 UTC
3QI9WAYOGQB5UOJO9IHD4UO3OSPS6D,Freestyle skiier Sarah Burke's career in pictures,A9KPCMO1J1LQF,0,0.0,2015-03-31 01:08:20 UTC
3VEI3XUCZRX13F1G9PGHKKAOXVXRPV,Migrants saved in Greek boat accident mourn relatives  and dispute claims,A109CH3492UU42,0,0.0,2015-03-31 01:06:40 UTC
37G6BXQPLQLXUNXQNWB6LI1FN2TEQW,Press review: What they said about Gerhard Schroder,AS9E0S6DBSWH7,0,0.0,2015-03-31 00:44:49 UTC
3P520RYKCH6PQXBET428RPSRDU05UR,Cultural invasion of Britain celebrates Germany's big shift,AS9E0S6DBSWH7,0,0.0,2015-03-31 00:44:08 UTC
3FHTJGYT8N0AEPS2TEM5LGWHVMLPGW,Project Tindaya: an interactive guide,A9KPCMO1J1LQF,0,0.0,2015-03-31 01:06:00 UTC
3B6F54KMR2CAN2IR3C5W9YXMGHAS1G,Turkish mine rescue workers end their search after retrieving last two bodies,A109CH3492UU42,0,0.0,2015-03-31 01:07:07 UTC
3126F2F5F83CUBWBNJWHLDB5I66PEF,Iran calls for uranium enrichment on its soil,A1UL8XW5GSWYAA,0,0.0,2015-03-31 01:08:18 UTC
3D0LPO3EABZSFG118KVW3GYVQDGYON,Machine that shapes your dreams,A9KPCMO1J1LQF,0,0.0,2015-03-31 01:05:54 UTC
3PA41K45VN4RLWH10BIBF3JOWJ2P7T,China and Japan in race for gas,A109CH3492UU42,0,0.0,2015-03-31 01:07:53 UTC
3D17ECOUOEV63LXCDX4V1QPAO1B31Z,Obituary: Boris Yefimov,AS9E0S6DBSWH7,0,0.0,2015-03-31 00:45:58 UTC
3NFWQRSHVEEYNC38FBQ09MIDTGZGFL,Spain's Catholics to fight Socialist reforms,A109CH3492UU42,0,0.0,2015-03-31 01:07:50 UTC
3M7OI89LVYOPN7USCWRDPPKL2P46CY,Dissenting voices to be silenced as liberal Russian TV channels come under state control,A1UL8XW5GSWYAA,0,0.0,2015-03-31 01:07:42 UTC
3D1UCPY6GG9OELHXCIDAG0CI27H38J,'A complete surprise',A9KPCMO1J1LQF,0,0.0,2015-03-31 01:07:46 UTC
3SMIWMMK615J3GQYP5PHHP54XR3UWW,Nazi V2 rocket man Von Braun's top-secret papers go on sale,A109CH3492UU42,0,0.0,2015-03-31 01:07:57 UTC
3FO95NVK5C0YG7H816KBFPFZKF3SRB,Dalai Lama eyes end to 45-year exile,A9KPCMO1J1LQF,0,0.0,2015-03-31 01:08:08 UTC
368IUKXGA588HW3WH1DJ9PJS18IP6U,The case against Ram Singh,A1GKEEI844CEKI,0,0.0,2015-03-31 00:46:36 UTC
3XUSYT70IT14EOERA3670USCAMU0DR,Obituary: Kenji Yoshida,A109CH3492UU42,0,0.0,2015-03-31 01:07:27 UTC
3Z56AA6EK402WT6JPLLRSLPXW37M6V,In Baghdad,AS9E0S6DBSWH7,0,0.0,2015-03-31 00:48:00 UTC
3Y7LTZE0YTMNXBV30S9OGTZMET8UZN,Japan rejects US calls for apology over 'comfort women',A1UL8XW5GSWYAA,0,0.0,2015-03-31 01:08:05 UTC
31SIZS5W59FM3R2V92V6KP0Y2RJRQM,The 'ordinary but ambitious' girl from the east who is set to be Germany's next leader,A1S88VQY8G8CNC,0,0.0,2015-03-31 01:07:59 UTC
36MUZ9VAE6235ETLIA5MLJUG4N4EDR,Barack Obama criticises internet censorship at meeting in China,A109CH3492UU42,0,0.0,2015-03-31 01:08:01 UTC
37MQ8Z1JQEWE89CWLMXZW3VSP8K2YL,Egypt: Frenchman dies in police custody amid rising tide of xenophobia,A1GKEEI844CEKI,0,0.0,2015-03-31 00:48:06 UTC
3DQYSJDTYLBH3KY29A6YFQX8K5FXEB,Bo Xilai trial coverage: controlled by the court,A1S88VQY8G8CNC,0,0.0,2015-03-31 01:08:16 UTC
37ZQELHEQ0YA3ECBO278UWBJRTWMN5,Canadian porn actor wanted for murder reportedly spotted in France,A1GKEEI844CEKI,0,0.0,2015-03-31 00:47:32 UTC
32204AGAABCI18UEA1E0C7UQ9VCGHJ,Olof Palme murder inquiry takes another twist with revoked alibi,A1UL8XW5GSWYAA,0,0.0,2015-03-31 01:09:10 UTC
3VI0PC2ZAYK3FBBR3O9UK2RMO7MXOG,Iraqi PM demands recount of election ballots 'to avoid return of violence',A1UL8XW5GSWYAA,0,0.0,2015-03-31 01:08:26 UTC
3FVBZG9CLJELQ4JTWZPXRF7A2EN0H0,Eyewitness: Tamil Nadu,A1GKEEI844CEKI,0,0.0,2015-03-31 00:47:12 UTC
3O71U79SRBP7JR4GWYOUTQLPES5SMO,Why even David Beckham may struggle to revive Chinese football,A1GKEEI844CEKI,0,0.0,2015-03-31 00:46:54 UTC
3GKAWYFRAPT725IBROLXFVTKIU6PDN,Britain should stay in EU,A1UL8XW5GSWYAA,0,0.0,2015-03-31 01:08:47 UTC
35YHTYFL1G3H59T346PM9NLNGVMVFO,Kumbh Mela in India  in pictures,A1GKEEI844CEKI,0,0.0,2015-03-31 00:47:23 UTC
37VE3DA4YUHMARM3UFMMBW3TTIKHB3,email: Jonathan Watts@Beijing,A1UL8XW5GSWYAA,0,0.0,2015-03-31 01:08:31 UTC
34XASH8KLQMA6ZOO4HK0YLGER8YMP2,What the papers say,A9KPCMO1J1LQF,0,0.0,2015-03-31 00:47:07 UTC
35JDMRECC496HY3CK06UR4XDHFKGE3,Angela Merkel assailed from all sides in drive to pacify Russia and US on Ukraine,A1GKEEI844CEKI,0,0.0,2015-03-31 00:45:10 UTC
3TZ0XG8CBUKATN6DTREK7DF42ZR895,Hardline Australia,A1GKEEI844CEKI,0,0.0,2015-03-31 00:45:29 UTC
3DZKABX2ZI5A2X9TD4ZL1H0KJIUVCD,Sars,A9KPCMO1J1LQF,0,0.0,2015-03-31 00:47:36 UTC
3M47JKRKCX1NB44FVKB8N3O2CYJ68S,German general election 2013: an open race in an open field,A9KPCMO1J1LQF,0,0.0,2015-03-31 00:47:19 UTC
32TZXEA1OLKRLHGGDB9EBVHG21714I,The question: What's so great about a male heir?,A9KPCMO1J1LQF,0,0.0,2015-03-31 00:48:40 UTC
3A3KKYU7P3H0Q8LPG3YVQFOAK51MWX,Chinese premier calls for calm in Korean row,A9KPCMO1J1LQF,0,0.0,2015-03-31 00:45:20 UTC
38XPGNCKHT077TWEKPT3IJOWR5DV40,Jack Layton's legacy to Canada | Colin Horgan,A1GKEEI844CEKI,0,0.0,2015-03-31 00:45:17 UTC
3WRKFXQBOB7IJUQYAPIRJJ29E4HYIS,Japanese nuclear firm admits error on radiation reading,A9KPCMO1J1LQF,0,0.0,2015-03-31 00:45:41 UTC
32K26U12DNOK7PF7D0UWLNI24I7VDE,Al-Qaida loses top military leader as Yemen launches missile strike,A1GKEEI844CEKI,0,0.0,2015-03-31 00:45:35 UTC
3EGKVCRQFWS8WMCS4FQAXWYWJEXYBJ,Radiation exposure: a quick guide to what each level means,A9KPCMO1J1LQF,0,0.0,2015-03-31 01:10:23 UTC
3EHVO81VN5LLXT4BSITX5KQK76TH1K,Abramovich and Berezovsky take 3.2bn battle to high court,A1S88VQY8G8CNC,0,0.0,2015-03-31 01:10:06 UTC
389A2A304OIU9W8DA7BWGOAUPMIC03,Pollution threat to the backwater beauty of Kerala,A9KPCMO1J1LQF,0,0.0,2015-03-31 00:46:09 UTC
3N7PQ0KLI5P5NMROPLZA8A84DAF3EI,Andrew Scruton obituary,A1S88VQY8G8CNC,0,0.0,2015-03-31 01:10:40 UTC
304QEQWKZPKVIL5G0CKNBO4BE010OO,India denies jet attack,A1GKEEI844CEKI,0,0.0,2015-03-31 00:46:21 UTC
3ACRLU860NEAQHV14EEGQT6G12SEBK,German voters face poll conundrum,A1S88VQY8G8CNC,0,0.0,2015-03-31 01:10:11 UTC
3X7837UUADYCVL0YMO8ZCTXGS9D6JC,Couple-busters offer 50 ways to say sayonara to your lover,A9KPCMO1J1LQF,0,0.0,2015-03-31 00:48:09 UTC
3LN50BUKPVBQ0H6345JLY81PR38PL3,Kumar's election victory a blow against India's caste system,A1S88VQY8G8CNC,0,0.0,2015-03-31 01:09:52 UTC
3GL25Y6843UFF8QFQ8UHSY2HT77MXQ,Paris syndrome hits Japanese,A109CH3492UU42,0,0.0,2015-03-31 01:11:26 UTC
34KYK9TV2R8B000J59YLFAAV2T1SBZ,Eyewitness: Mumbai,A1GKEEI844CEKI,0,0.0,2015-03-31 00:48:12 UTC
3W1K7D6QSBH81CMX01STB37YP81BZN,David Miliband: China ready to join US as world power,A109CH3492UU42,0,0.0,2015-03-31 01:10:49 UTC
31KSVEGZ34SRNOYHLBUCCEIKQSZRWP,Stockholm zombie walk - in pictures,A1GKEEI844CEKI,0,0.0,2015-03-31 00:48:16 UTC
3JVP4ZJHDPSLMZUD2H7IRR8P2R20IT,Victims of December 13,A109CH3492UU42,0,0.0,2015-03-31 01:11:38 UTC
356TQKY9XFX6F4IKEUG0THOY79387T,Turkey deals a blow to action against Saddam,A1GKEEI844CEKI,0,0.0,2015-03-31 00:48:36 UTC
3GMLHYZ0LEXNSLLY46752MQK8Z3UYV,Syria,A34MLDXV03B7K9,0,0.0,2015-03-31 01:11:44 UTC
3QXFBUZ4ZKGN6U0YA0LZVMJG33EGUK,Himmler hoard of letters and diaries discovered in Israel,A1GKEEI844CEKI,0,0.0,2015-03-31 00:47:45 UTC
3EAWOID6MTXQ85ED1O616GYJATYV0L,Deadly bird flu strain reaches Sweden,A109CH3492UU42,0,0.0,2015-03-31 01:11:07 UTC
3ACRLU860NEAQHV14EEGQT6G12SBEH,Russian foreign minister calls for immediate ceasefire in Ukraine,A1GKEEI844CEKI,0,0.0,2015-03-31 00:47:51 UTC
3KTZHH2ONIFP07P7I0IPCZLO2YY8M4,Kate Connolly on the hunt for Rosa Luxemburg,A109CH3492UU42,0,0.0,2015-03-31 01:10:22 UTC
334ZEL5JX6FVJUPS9E37LUAU9SKSO3,Boost for Turkey's EU bid,A34MLDXV03B7K9,0,0.0,2015-03-31 01:10:34 UTC
338GLSUI43B1DHCZABKHY01GHRTSFH,Mahmoud Ahmadinejad visits Venezuela  in pictures,A34MLDXV03B7K9,0,0.0,2015-03-31 01:11:19 UTC
3FBEFUUYRK51USXUSIVMJUUX2MJ6AW,Quebec elections: separatist victor sets out minority government plans,A1GKEEI844CEKI,0,0.0,2015-03-31 00:49:07 UTC
3P7QK0GJ3TLEDZM1H8ZIAA4UV2O2ZC,Sonia dArtois obituary,A109CH3492UU42,0,0.0,2015-03-31 01:10:36 UTC
3J5XXLQDHMBMPXDAKBOK8EWQD5I3VO,Child rescued four days after quake,A1GKEEI844CEKI,0,0.0,2015-03-31 00:48:50 UTC
3A3KKYU7P3H0Q8LPG3YVQFOAK50MWW,US warns North Korea of increased isolation if threats escalate further,A1GKEEI844CEKI,0,0.0,2015-03-31 00:48:45 UTC
3L55D8AUFAXR6R4YIFM58G4E1ZXYCQ,Turkish pilot rescued after fighter jets crash,A109CH3492UU42,0,0.0,2015-03-31 01:11:48 UTC
3H781YYV6TIAM3PI4051QNC279SETA,Turkish publisher convicted over Armenian genocide claims,A1GKEEI844CEKI,0,0.0,2015-03-31 00:48:56 UTC
335VBRURDJ0R2OG46U0KZNBQD2PE9A,Kidnap oil man's wife in 'waking nightmare',A1GKEEI844CEKI,0,0.0,2015-03-31 00:49:12 UTC
3TUOHPJXYHXBKKKTUA041W48R9KXWR,Jyoti Basu obituary,A109CH3492UU42,0,0.0,2015-03-31 01:11:42 UTC
3TZDZ3Y0JS6SINMSU655S3SWOTM19F,US urges new talks on Kashmir dispute,A34MLDXV03B7K9,0,0.0,2015-03-31 01:11:39 UTC
36QZ6V1589DQWZ9P50FGK02JRE8USI,Greek man shoots himself over debts,A9KPCMO1J1LQF,0,0.0,2015-03-31 00:48:45 UTC
306W7JMRYYYTHGLARBSGYJAUQZU8BF,First Air France crash bodies arrive on Brazilian island,A1GKEEI844CEKI,0,0.0,2015-03-31 00:49:26 UTC
32TZXEA1OLKRLHGGDB9EBVHG21841M,Narendra Modi : US turns on charm as roadshow rolls into New York,A109CH3492UU42,0,0.0,2015-03-31 01:11:12 UTC
3QD8LUVX4XYH7159Y9DVBWRV7CGX5A,Inuit women preserve unique tradition,A1GKEEI844CEKI,0,0.0,2015-03-31 00:49:16 UTC
3DWGDA5POF4QFUZVX7A1KLHTFL3V1N,Press review: Ukraine,A1GKEEI844CEKI,0,0.0,2015-03-31 00:49:46 UTC
3XEDXEGFX3OCSUK12KSU47N2UVR0K4,Russian veto will be key,A1GKEEI844CEKI,0,0.0,2015-03-31 00:49:51 UTC
3EHIMLB7F7Z38TOWR32CKUDSLCZ8HV,India gears for mass motoring revolution with &#163;1,A1GKEEI844CEKI,0,0.0,2015-03-31 00:50:12 UTC
34KYK9TV2R8B000J59YLFAAV2T1BSI,Bam's hotel of hope,A34MLDXV03B7K9,0,0.0,2015-03-31 01:11:25 UTC
3UZUVSO3P7V698ZYV34P49HAD1WEM9,Bollywood star guilty in Mumbai bomb trial,A1GKEEI844CEKI,0,0.0,2015-03-31 00:49:42 UTC
3UL5XDRDNCJRS041Q113VXA2G3885E,War in the Caucasus: Fear of Russian 'protection' spreads to Ukraine and the Baltic,A1GKEEI844CEKI,0,0.0,2015-03-31 00:50:15 UTC
3JU8CV4BRLCY6290HXZDQP5JM8CPOJ,Greek cabinet reshuffle appoints professor as finance minister,A1GKEEI844CEKI,0,0.0,2015-03-31 00:49:20 UTC
3SD15I2WD2U1A7Y9J3GCWMGRWCR630,Japan looks to manga comics to rescue ailing economy,A1S88VQY8G8CNC,0,0.0,2015-03-31 01:11:19 UTC
3VMV5CHJZ8F86HL9AVVPQQXEKP7GTT,Middle East borders are being redrawn in religious war,A1GKEEI844CEKI,0,0.0,2015-03-31 00:50:44 UTC
3EN4YVUOUCSPE0KUNBHPC6A0PDBXJW,Spain's greens split over mayor's support for historic bull run,A1GKEEI844CEKI,0,0.0,2015-03-31 00:50:39 UTC
3J5XXLQDHMBMPXDAKBOK8EWQD5IV3G,How Chinese authorities barred my visit to Chen Guangcheng,A1S88VQY8G8CNC,0,0.0,2015-03-31 01:11:45 UTC
3KTZHH2ONIFP07P7I0IPCZLO2YXM8H,Syria,A1S88VQY8G8CNC,0,0.0,2015-03-31 01:12:07 UTC
3IV1AEQ4DRDZZZJMF35XW7T7Y438J0,Sunni party backs blueprint,A1GKEEI844CEKI,0,0.0,2015-03-31 00:51:29 UTC
31HLTCK4BLVNJ9PYFQV4R8LZHANVGO,Eyewitness: Tokyo,A9KPCMO1J1LQF,0,0.0,2015-03-31 01:12:41 UTC
3LG268AV386X6OCQ0B06Q8BKJOVERX,Missing plane search expands as third possible sighting adds to confusion,A1GKEEI844CEKI,0,0.0,2015-03-31 00:51:25 UTC
309D674SHZLVTJBN8N8L056DGQFBCO,'Doctor Shock' charged with sexually abusing male patient,A109CH3492UU42,0,0.0,2015-03-31 01:13:23 UTC
3ZC62PVYDHAQ9KPJ4FWQ3FIF0BRXXL,Macau casino pays out to girl,AS9E0S6DBSWH7,0,0.0,2015-03-31 00:50:48 UTC
3VI0PC2ZAYK3FBBR3O9UK2RMO7LOX6,Syria crisis: international views on intervention,A1S88VQY8G8CNC,0,0.0,2015-03-31 00:50:17 UTC
36U4VBVNQODEVK9CQBFBUQXN5CPURU,Barack Obama hails recapture of Mosul Dam  video,AS9E0S6DBSWH7,0,0.0,2015-03-31 00:51:26 UTC
3EHIMLB7F7Z38TOWR32CKUDSLCZH84,China claims train blue riband,A34MLDXV03B7K9,0,0.0,2015-03-31 01:11:52 UTC
36KM3FWE3RCOXFDHJQ3L02IGOBR07Y,Catalonia and Scotland: how they compare to EU nations and Europe's other separatists  interactive,A1S88VQY8G8CNC,0,0.0,2015-03-31 01:12:42 UTC
3TTPFEFXCTKG4F58YO5E0GH1FH96H7,'Foreigner' helped build Terracotta Army,AS9E0S6DBSWH7,0,0.0,2015-03-31 00:51:17 UTC
3H1C3QRA01JT0MN7IEAB1DCYJNSECR,Video: Girl with eight limbs undergoes operation,A109CH3492UU42,0,0.0,2015-03-31 01:13:17 UTC
3FCO4VKOZ4DNO5SBRX20LRKKIC1E7Y,Reaction to Bush's speech on Iraq,A109CH3492UU42,0,0.0,2015-03-31 01:13:39 UTC
3XUY87HIVPE4LWRBC1S8HHMJM3MMM5,The annual Tarragona human tower competition  in pictures,A1S88VQY8G8CNC,0,0.0,2015-03-31 01:12:29 UTC
3YO4AH2FPDKY3XIWFPCR0TZBT1J0QW,Nick Davies on the 30 year pursuit of serial strangler Volker Eckert,A109CH3492UU42,0,0.0,2015-03-31 01:12:21 UTC
386659BNTLHAMTYFUAMCZSR3LPR102,Japan disaster relief effort boosted by 'goodwill gold rush',A109CH3492UU42,0,0.0,2015-03-31 01:12:49 UTC
3RBI0I35XE33TR8FPMB4FD0KVMKY3S,Muhammad cartoonist had $100,A34MLDXV03B7K9,0,0.0,2015-03-31 01:11:58 UTC
34KYK9TV2R8B000J59YLFAAV2T0SBY,Young,AS9E0S6DBSWH7,0,0.0,2015-03-31 00:51:50 UTC
3DW3BNF1GHI8QUJGWSJGZV41TR9V87,Iran Standard Time: hunting out a proper Pilates class in Tehran,A34MLDXV03B7K9,0,0.0,2015-03-31 01:12:13 UTC
3ZLW647WALVDS6F8W14969ZFG7P32G,Greek crisis: what happens next?,AS9E0S6DBSWH7,0,0.0,2015-03-31 00:32:20 UTC
3O71U79SRBP7JR4GWYOUTQLPES4MSH,The Delhi childservant scandal that has outraged India,A1S88VQY8G8CNC,0,0.0,2015-03-31 00:52:57 UTC
3ABAOCJ4R84V6BP34UZPYQ6OW4KMQT,Iran election: Rafsanjani defends decision to stand as his 'national duty',A1S88VQY8G8CNC,0,0.0,2015-03-31 01:12:48 UTC
3S4TINXCC0NW288QYSHCV50U54YBOL,Yemen,A34MLDXV03B7K9,0,0.0,2015-03-31 01:12:58 UTC
3BJKPTD2QCCZV7UNQ6P1PUBLMYHRTZ,Syria,AS9E0S6DBSWH7,0,0.0,2015-03-31 00:32:25 UTC
3R4QIDVOJPC8XK7LE5G6R1C14Z5EEK,Sleaze equals snooze for the Germans,A109CH3492UU42,0,0.0,2015-03-31 01:12:17 UTC
37NXA7GVST63513ZQHSK40Q7DR9VLU,Armenia 1915 -1920,A1OF4LT1OZYTDN,0,0.0,2015-03-31 00:32:32 UTC
3OZ4VAIBEXFXABFZNWG7OLDF924VJS,Oldest woman misses 115th birthday,A1OF4LT1OZYTDN,0,0.0,2015-03-31 00:32:50 UTC
3G4VVJO6PZGFGBOLJ57KJ8OA232PKZ,Himmler hoard of letters and diaries discovered in Israel,A109CH3492UU42,0,0.0,2015-03-31 01:12:27 UTC
3DA79LNS59V7C59LFGO57W85GK23T8,Iran Standard Time: a day in advertising,A1OF4LT1OZYTDN,0,0.0,2015-03-31 00:33:38 UTC
3SNR5F7R92TKDP97AO6XCGATWSCEIT,Afgantsy: The Russians in Afghanistan 1979-1989  review,A34MLDXV03B7K9,0,0.0,2015-03-31 01:13:06 UTC
3MVY4USGB6NLN8EPBJQ21XE8XJKSI7,Obituary: Cem Karaca,AS9E0S6DBSWH7,0,0.0,2015-03-31 00:34:19 UTC
3HFWPF5AK9J6X5W6QGJFXRCJE1O3SJ,20 things we learned in 2010,A1S88VQY8G8CNC,0,0.0,2015-03-31 01:13:00 UTC
3OZ4VAIBEXFXABFZNWG7OLDF924JVG,Greece on the breadline: a journey - interactive,AS9E0S6DBSWH7,0,0.0,2015-03-31 01:13:06 UTC
3YCT0L9OMM9D19PG8Z3U65APJIESNN,British businessman missing in Japan,A1S88VQY8G8CNC,0,0.0,2015-03-31 01:13:49 UTC
3BVS8WK9Q0VM6MXN0X47B848TVZBIQ,Animal escape drill at Tokyo zoo - in pictures,AS9E0S6DBSWH7,0,0.0,2015-03-31 00:34:40 UTC
3DFYDSXB2W0XXWQZI662SZBWVVVJUR,EU cautious after Putin and Ukraine PM reach outline gas agreement,A9KPCMO1J1LQF,0,0.0,2015-03-31 00:53:46 UTC
38EHZ67RIMS4TMVP1YUD4C2MQHBGMS,Can China help to defuse the nuclear threat from Iran?,AS9E0S6DBSWH7,0,0.0,2015-03-31 01:13:17 UTC
3ZG552ORAM4X4FHRGBAFP4RY7RHV24,Hardline Australia,AS9E0S6DBSWH7,0,0.0,2015-03-31 00:53:39 UTC
3IKMEYR0LWVJO4NFH7W8NVGHRTBK28,Post-Soviet world: what you need to know about Ukraine,A1S88VQY8G8CNC,0,0.0,2015-03-31 01:13:28 UTC
3AQN9REUTFG1BJACIBHGSMMWMZ9YDQ,US embassy cables: China indifferent to Bashir's prosecution,AS9E0S6DBSWH7,0,0.0,2015-03-31 00:34:58 UTC
3UUIU9GZC55AQKWPTZCYMT6PUGT5T0,Letters: The predictable pursuit of Galloway,A9KPCMO1J1LQF,0,0.0,2015-03-31 00:53:54 UTC
3Y40HMYLL1IYSGVOZAL3J8JB6TAUXQ,Obituary: Charlotte Jolles,A109CH3492UU42,0,0.0,2015-03-31 01:14:46 UTC
3CIS7GGG65JPMG4745VBVJY4QNZEU1,Letters: Approaches to the Iranian problem,A1S88VQY8G8CNC,0,0.0,2015-03-31 00:54:14 UTC
3WA2XVDZEMH4K5E68NX8FDKON1H6ER,One million face famine after rats feast on crops,A1S88VQY8G8CNC,0,0.0,2015-03-31 01:13:33 UTC
3FDWKV9VCN2NY4WKL3JU8R3DZPQMUY,Russian deal will send nuclear fuel to Iran soon,A1S88VQY8G8CNC,0,0.0,2015-03-31 00:53:38 UTC
363A7XIFV4MM9ICVTQ3UVMAWJFAVAC,The Fat One showers &#163;350m on the people of Vic,A1S88VQY8G8CNC,0,0.0,2015-03-31 00:54:23 UTC
3YLTXLH3DF6OELNDDK4N6G8IAMYPHV,Toys R Us's Stockholm superstore goes gender neutral,A1S88VQY8G8CNC,0,0.0,2015-03-31 01:13:54 UTC
3I7SHAD35MWL0TKO8VQJYZPTRERM7U,German court allows screening of thalidomide drama after cuts,A9KPCMO1J1LQF,0,0.0,2015-03-31 01:13:08 UTC
3EKTG13IZU3KFE9QCPRTH47UMYWML3,Private prison companies look to Canada as industry faces lawsuits in US,A9KPCMO1J1LQF,0,0.0,2015-03-31 01:13:16 UTC
3XQ4XW3OD9CHCN0NMG5AEH7R8NOS2X,Who is Vladimir Putin?,AS9E0S6DBSWH7,0,0.0,2015-03-31 01:14:20 UTC
3WYZV0QBFJDJWHMIZJ48EIRNH83BXQ,Interactive: a defining year for China,A1GKEEI844CEKI,0,0.0,2015-03-31 00:37:31 UTC
3NBFJK3IOHISTPG1EE9QWGRRLHQGO7,Embittered Shah leaves for Egypt,A1S88VQY8G8CNC,0,0.0,2015-03-31 01:14:07 UTC
3D3B8GE892RVZF5UF8GVTZAUR9QP95,Merkel's modest rise to summit,A1S88VQY8G8CNC,0,0.0,2015-03-31 00:53:52 UTC
31HLTCK4BLVNJ9PYFQV4R8LZHAMVGN,EU nuclear deal will hit renewables | @guardianletters,AS9E0S6DBSWH7,0,0.0,2015-03-31 01:14:28 UTC
3CKVGCS3PG5AGDX97T1WVTECBP3S0C,US diplomat predicts tough Iran resolution,A1S88VQY8G8CNC,0,0.0,2015-03-31 01:14:29 UTC
3L2OEKSTW9APUOEL13606U8VB8CY8K,Dalai Lama joins Twitter,A3ITZNJQUTIZ4C,0,0.0,2015-03-31 00:53:49 UTC
3FTID4TN8LYK9VY4VSF4BZU1V8BYL6,Writers dub UK leaders 'America's digital pit bull' over surveillance,A9KPCMO1J1LQF,0,0.0,2015-03-31 00:55:08 UTC
3FVBZG9CLJELQ4JTWZPXRF7A2ENH0H,Dossier report clears Campbell,A1GKEEI844CEKI,0,0.0,2015-03-31 00:38:29 UTC
351S7I5UG9WK266QL5UGE4J2NZ2JNZ,Syria,AS9E0S6DBSWH7,0,0.0,2015-03-31 00:56:15 UTC
3OLZC0DJ8JF1F0VT5EV7CKYFWNEVIF,Treat the cause,AS9E0S6DBSWH7,0,0.0,2015-03-31 00:38:10 UTC
3B623HUYJ4QSY22C2XEBO8KUUNFS8Z,Canada mounts expedition to find remains of 1845 British attempt to find Northwest Passage,A1S88VQY8G8CNC,0,0.0,2015-03-31 00:56:09 UTC
31GECDVA9JM07QLR25EA3PSB63T666,Russia's men of power,A1S88VQY8G8CNC,0,0.0,2015-03-31 00:55:57 UTC
3WYZV0QBFJDJWHMIZJ48EIRNH82XBB,A disaster without frontiers,A109CH3492UU42,0,0.0,2015-03-31 01:14:08 UTC
3ICOHX7ENCB96USR6YHR6CAXAYV0EK,Ukraine president calls snap election as he prepares for Putin meeting,A34MLDXV03B7K9,0,0.0,2015-03-31 01:14:28 UTC
36AZSFEYZ40RSSHNZ43QQXU21XVBVN,Ian Buruma: Come the revolution,AS9E0S6DBSWH7,0,0.0,2015-03-31 00:38:30 UTC
363A7XIFV4MM9ICVTQ3UVMAWJF9VAB,Japan revisits the Gulf war,A34MLDXV03B7K9,0,0.0,2015-03-31 01:13:57 UTC
360ZO6N6J1JPEC8HNSO3CVGZM4FM96,Crimea: Divided peninsula plays host to Russian warships and Ukrainian pride,A34MLDXV03B7K9,0,0.0,2015-03-31 01:14:19 UTC
35ZRNT9RUIYRZD4DJZ26DM2IHCL3OM,Japan's life expectancy 'down to equality and public health measures',AS9E0S6DBSWH7,0,0.0,2015-03-31 00:38:46 UTC
3B6F54KMR2CAN2IR3C5W9YXMGH9S1F,Iran's archeological treasures made more vulnerable by tourist footfall,A1S88VQY8G8CNC,0,0.0,2015-03-31 00:56:52 UTC
3KTZHH2ONIFP07P7I0IPCZLO2YYM8I,Middle East live: readers' edition  Tuesday 19 March 2013,A109CH3492UU42,0,0.0,2015-03-31 01:15:57 UTC
3KLL7H3EGD11J5K9ZWDMC8X0WA0VHN,Paw driving lands dog and owner in trouble,A1S88VQY8G8CNC,0,0.0,2015-03-31 00:57:13 UTC
38B7Q9C28G5NP9NP0CHMNZJDW4169H,Canadian hitman Gerald Gallant pleads guilty to killing 27 people,A3ITZNJQUTIZ4C,0,0.0,2015-03-31 00:40:01 UTC
3EN4YVUOUCSPE0KUNBHPC6A0PDCJXJ,Anwar al-Awlaki,A1GKEEI844CEKI,0,0.0,2015-03-31 00:39:09 UTC
3ZUE82NE0A1JUXXQWDECH91F5XM8FX,Ahmadinejad becomes first Iranian head of state to visit Egypt since 1979 - video,A109CH3492UU42,0,0.0,2015-03-31 01:15:18 UTC
3PKVGQTFIHKVCTTH0CC0XB3010ZRYO,Blair doing lasting damage to UK,A1GKEEI844CEKI,0,0.0,2015-03-31 00:38:52 UTC
3A520CCNWN0577Q9Y0EKVIMAJK7EAP,Maple leaf ragged: what ails Canada?,A1S88VQY8G8CNC,0,0.0,2015-03-31 00:57:18 UTC
3Y3CZJSZ9KTXA5JXPA73ME576VW5RN,Canadian armed forces hit by spate of suicides,A1GKEEI844CEKI,0,0.0,2015-03-31 00:40:05 UTC
3M93N4X8HKNHIJYVT1B2DYT8AYASJK,European court rules Ocalan trial unfair,A1S88VQY8G8CNC,0,0.0,2015-03-31 00:59:14 UTC
3FDWKV9VCN2NY4WKL3JU8R3DZPPMUX,The Editor: 'China is handed the role of villain',A1GKEEI844CEKI,0,0.0,2015-03-31 00:40:24 UTC
3XEDXEGFX3OCSUK12KSU47N2UVRK0O,Murder of 'cow killers' in India prompts much soul searching,A1S88VQY8G8CNC,0,0.0,2015-03-31 00:58:07 UTC
32K26U12DNOK7PF7D0UWLNI24I6VDD,Leader: Regina v Saddam,A1GKEEI844CEKI,0,0.0,2015-03-31 00:41:20 UTC
3TY2U1TEB7AOJGF5672OLX2LEFXJJV,Kilimanjaro scaled by climber with no legs  video,A1S88VQY8G8CNC,0,0.0,2015-03-31 00:58:21 UTC
3V8JSVE8YYQ63POCE6S0Y44HMBAYEJ,Istanbul talks on Iran's nuclear programme to go ahead,A1S88VQY8G8CNC,0,0.0,2015-03-31 00:59:52 UTC
33J5JKFMK6YUKPHTYCUA2RXIWD33QU,Swedish man survived in snowed-in car for two months,A9KPCMO1J1LQF,0,0.0,2015-03-31 00:59:12 UTC
3NI0WFPPI9G5TFZC0GYTUOIKT07605,Foreign buyers delight in the glut of Spain's cheap Costa properties,A109CH3492UU42,0,0.0,2015-03-31 01:17:40 UTC
34XASH8KLQMA6ZOO4HK0YLGER8YPM5,Fukushima effect: Japan schools take health precautions in radiation zone,A1S88VQY8G8CNC,0,0.0,2015-03-31 01:00:31 UTC
3D17ECOUOEV63LXCDX4V1QPAO1B13X,US feels heat as Iranian leader visits Afghanistan,A9KPCMO1J1LQF,-2,-2.0,2015-03-31 00:58:22 UTC
34D9ZRXCYRU6HQVRZVYPKZQPKBFSA3,Minister gives birth in a new first for Spain,A9KPCMO1J1LQF,-2,-2.0,2015-03-31 00:59:42 UTC
329E6HTMSW289MJYL7AD65L9X7BK3J,Turkish troops freed to head off attack on Iraqi Kurdistan,A9KPCMO1J1LQF,-2,-2.0,2015-03-31 00:58:47 UTC
3D7VY91L65X825NELC2Z31BPA4JMBH,Gang use helicopter in Hollywood-style raid on Swedish cash depot,A109CH3492UU42,-2,-2.0,2015-03-31 01:17:27 UTC
3FO95NVK5C0YG7H816KBFPFZKF3RSA,Police held in Ukraine murder hunt,A9KPCMO1J1LQF,-2,-2.0,2015-03-31 00:59:51 UTC
3XBXDSS888JV9Q8UQWT2SLNST2GXLY,Japanese politician murdered,A9KPCMO1J1LQF,-2,-2.0,2015-03-31 01:01:34 UTC
362E9TQF2HQIX35YGJWLCJV598RGIC,Video: Fatal US embassy blast in Yemen,A9KPCMO1J1LQF,-2,-2.0,2015-03-31 01:06:38 UTC
3D3B8GE892RVZF5UF8GVTZAUR9RP96,Ahmadinejad rival elected as Iranian speaker,A9KPCMO1J1LQF,-2,-2.0,2015-03-31 01:08:15 UTC
366FYU4PTGPBJKZVARR9PWP6OW1EK4,Greece's budget brought to a vote amid mounting protest  video,A9KPCMO1J1LQF,-2,-2.0,2015-03-31 01:07:56 UTC
3NI0WFPPI9G5TFZC0GYTUOIKT0706Z,Moscow asks court to close civil rights group,AS9E0S6DBSWH7,-2,-2.0,2015-03-31 00:47:57 UTC
3UEDKCTP9VQQA5KLNJD3JMXP29XK7O,27 dead as blasts rock Istanbul,AS9E0S6DBSWH7,-2,-2.0,2015-03-31 00:47:06 UTC
37SOB9Z0SSXJTS1G67MEL5YOM7G3L5,Luke Harding reports on the fighting between Georgia and Russia,A9KPCMO1J1LQF,-2,-2.0,2015-03-31 00:46:58 UTC
3OND0WXMHWFKHUYN46OCC49EWFXEH0,Children see man decapitate fellow passenger on Greyhound bus in Canada,A1UL8XW5GSWYAA,-2,-2.0,2015-03-31 01:09:24 UTC
3APP19WN71E24JAXEINWFG500HW6G8,12 killed in Kashmir despite ceasefire,A9KPCMO1J1LQF,-2,-2.0,2015-03-31 00:46:03 UTC
30EMX9PEVKJCT34DBMBEEDTLPNASKJ,China admits shooting Tibet protesters,A1S88VQY8G8CNC,-2,-2.0,2015-03-31 01:10:53 UTC
3QQUBC64ZEELXQBF299H5DRHYXGXN0,Syria: full scale of carnage becomes apparent in wake of Azaz bombardment,A1S88VQY8G8CNC,-2,-2.0,2015-03-31 01:10:22 UTC
3XABXM4AJ15GLMNZATP6T85TCZV8QR,Indian frigate destroys 'mothership' as raids off Somalia continue,A1S88VQY8G8CNC,-2,-2.0,2015-03-31 01:10:00 UTC
32L724R85LKOAGYXJ2M86S9XAZDPIO,Spanish police arrest Islamic State 'recruiters' in Melilla and Catalonia,A9KPCMO1J1LQF,-2,-2.0,2015-03-31 00:48:24 UTC
3BFNCI9LYKQKE7CE2DL420GNRNB37W,Radiation from Fukushima spreads,A34MLDXV03B7K9,-2,-2.0,2015-03-31 01:11:12 UTC
3RZS0FBRWKAXXDCXRSQMVPB2XUUPCN,Greek shipping tycoon Pericles Panagopoulos kidnapped in Athens,A9KPCMO1J1LQF,-2,-2.0,2015-03-31 00:48:15 UTC
3MGHRFQY2LP7CZ9I6ZTLDF2DSA00YZ,Journalist flees Russia over cargo ship piracy story,A9KPCMO1J1LQF,-2,-2.0,2015-03-31 00:48:50 UTC
3VCK0Q0PO5ED0054ZXKAWZ46OQW0N9,Yemen edges towards all-out civil war as rebels advance on city of Aden,A34MLDXV03B7K9,-2,-2.0,2015-03-31 01:10:41 UTC
36GJS3V78VQESEP4Y1HLOKA5MNGGJO,'German militants' killed in US drone attack in Pakistan,A109CH3492UU42,-2,-2.0,2015-03-31 01:13:47 UTC
32TMVRKDGNY9WH01CWITQ54OG7D849,James Meek on the hundreds of civilians murdered during Russia's dirty war in Chechnya,AS9E0S6DBSWH7,-2,-2.0,2015-03-31 00:50:55 UTC
3D06DR5225J3JVIMFY238QRJSMYMAM,Failed rocket attack targeted Mercedes Benz offices in Greece,A109CH3492UU42,-2,-2.0,2015-03-31 01:11:55 UTC
3ZQX1VYFTD5D0AAJVGX243ATXYD8OJ,Radiation fears prompt Tokyo exodus,A34MLDXV03B7K9,-2,-2.0,2015-03-31 01:12:03 UTC
32L724R85LKOAGYXJ2M86S9XAZEPIP,Death of the small town,A1S88VQY8G8CNC,-2,-2.0,2015-03-31 00:50:32 UTC
3VLL1PIENQOSK6B646XFHN7XW7KOZ4,Yemen conflict highlighted after 55 killed in air raids and drone strikes,A34MLDXV03B7K9,-2,-2.0,2015-03-31 01:12:55 UTC
3KA7IJSNW65EN8KRDSURK55KF9UPBG,Ayodhya: Guardian coverage of the Babri mosque attack,A109CH3492UU42,-2,-2.0,2015-03-31 01:13:35 UTC
3KQC8JMJGCSH7WIQFM7GTD5H5Q73HY,Three die in Japanese suicide,A109CH3492UU42,-2,-2.0,2015-03-31 01:13:00 UTC
31JUPBOORN45UP7MIOHACM6Z2T88L2,Iran imposes media blackout over stoning sentence woman,A34MLDXV03B7K9,-2,-2.0,2015-03-31 01:12:44 UTC
3GL25Y6843UFF8QFQ8UHSY2HT76XM0,Neo-Nazi bomb plot linked to Auschwitz sign theft,A34MLDXV03B7K9,-2,-2.0,2015-03-31 01:12:35 UTC
3MXX6RQ9EV5U29ZIYDK4CRZE5HCP49,'There were a couple of bodies across the  stairs - it was chaos',A1S88VQY8G8CNC,-2,-2.0,2015-03-31 01:12:55 UTC
3RWB1RTQDJNVLAMKAGAHT3FJ738P8G,Donetsk in east Ukraine rocked by violent clashes  video,A9KPCMO1J1LQF,-2,-2.0,2015-03-31 00:54:01 UTC
3X2LT8FDHWIL5JJLM2OCLXNF00C8WV,Turkey bombings highlight dangers for US allies,A1S88VQY8G8CNC,-2,-2.0,2015-03-31 00:54:07 UTC
3S1WOPCJFGTG80TDS6RXOHPT971EJ5,Turkey attacks Kurdish rebels on Iraqi border,A1S88VQY8G8CNC,-2,-2.0,2015-03-31 00:53:44 UTC
35U0MRQMUJ7BBM6W398CWHU18WDOV3,Greece protests over government plans to sell off historic national buildings,A9KPCMO1J1LQF,-2,-2.0,2015-03-31 00:54:20 UTC
334ZEL5JX6FVJUPS9E37LUAU9SJOSY,Killing strikes fear into Russian media,A109CH3492UU42,-2,-2.0,2015-03-31 01:13:53 UTC
31D0ZWOD0AZ6GHBFQTF5ATK6PJX0AP,Death toll rises as floods devastate Russia,AS9E0S6DBSWH7,-2,-2.0,2015-03-31 00:38:25 UTC
3LN3BXKGC0V0YYP35000DA4DOJPGWJ,Turkey: PKK denies Istanbul blasts,A9KPCMO1J1LQF,-2,-2.0,2015-03-31 00:57:10 UTC
3MG8450X2OATJ7TXDJBMPVX84U0PUW,Fighting in northern Iraq enters fifth day,A9KPCMO1J1LQF,-2,-2.0,2015-03-31 00:57:32 UTC
35JDMRECC496HY3CK06UR4XDHFKEG1,Greek MPs vote through fresh cuts as man dies in day of street battles,A1S88VQY8G8CNC,-2,-2.0,2015-03-31 00:57:07 UTC
39HYCOOPKOL1H2LYZ8T5YRZPDPUMDN,Emergency landing for Iran flight,A9KPCMO1J1LQF,-2,-2.0,2015-03-31 00:57:51 UTC
3CRWSLD91K4SLZCNPH7L9LBOH32MOL,Protester gatecrashes Hu visit as China and US fail to make progress,A9KPCMO1J1LQF,-2,-2.0,2015-03-31 01:15:34 UTC
3IVKZBIBJ09LRD35518H1LDTX65SHE,Yemen locked in power struggle as escalation of fighting leaves 38 dead,A9KPCMO1J1LQF,-2,-2.0,2015-03-31 01:15:26 UTC
3QO7EE372ONZNKL6D59GKAVUK5GBQT,Security guard shot dead at Swedish PM's official residence,A1S88VQY8G8CNC,-2,-2.0,2015-03-31 01:00:02 UTC
33K3E8REWWV0UJOBW7KYNG1M92HX8C,Barrage of drone strikes in Yemen show flaws of US counter-terrorism strategy,A1S88VQY8G8CNC,-2,-2.0,2015-03-31 01:00:12 UTC
3BCRDCM0ODU7656G498BD8XT7YDK6P,Eight women and a man face stoning in Iran for adultery,AS9E0S6DBSWH7,-2,-2.0,2015-03-31 00:42:09 UTC
3CMV9YRYP31UE6359SE11CFDI42JLX,Kidnapped Ukrainian journalist's body found near Kiev,A9KPCMO1J1LQF,-2,-2.0,2015-03-31 00:59:04 UTC
3CVDZS288H0YFMZUQEOVMR2AP2BMFZ,100 arrests after Lhasa is brought back under control,A9KPCMO1J1LQF,-2,-2.0,2015-03-31 00:59:26 UTC
3WRAAIUSBJZED7HQT54CJ77HZQHXAG,China trafficking crackdown leads to rescue of 178 children,A1GKEEI844CEKI,-1,-1.0,2015-03-31 00:39:19 UTC
3R868ACW4SC4STU8GNK7CEYV5LTGZ9,Ex-Greek PM's mother linked to $550m Swiss account,A9KPCMO1J1LQF,-1,-1.0,2015-03-31 00:58:59 UTC
3B0MCRZMBRUGR2L1WXCSFPA9WD9PP1,Binyamin Netanyahu 'wasted $3bn on Iranian attack plan',A9KPCMO1J1LQF,-1,-1.0,2015-03-31 00:58:54 UTC
306996CF6WKB6G1PSQJ1J9NMCTP1BP,Iran 'will cut off hands of aggressors',A1GKEEI844CEKI,-1,-1.0,2015-03-31 00:39:03 UTC
38EHZ67RIMS4TMVP1YUD4C2MQHBMGY,David Osler discusses the mystery surrounding cargo ship the Arctic Sea,A1GKEEI844CEKI,-1,-1.0,2015-03-31 00:39:56 UTC
3Y3N5A7N4G94FDGPV4GJBC9QVD0MYV,Walled world: How walls are springing up to divide populations everywhere,A9KPCMO1J1LQF,-1,-1.0,2015-03-31 00:59:19 UTC
36U4VBVNQODEVK9CQBFBUQXN5CORUQ,Greek fugitive leaves his bare hideout,A109CH3492UU42,-1,-1.0,2015-03-31 01:17:09 UTC
3TCFMTM8HEOHI31T9XQQIGKIINB12M,India's police vow to catch culprits after photo-journalist gang-raped - video,A1GKEEI844CEKI,-1,-1.0,2015-03-31 00:42:08 UTC
31KPKEKW4ADBZRG7W7F1544C71I0BK,Crimea's leader 'certain' referendum will result in union with Russia,AS9E0S6DBSWH7,-1,-1.0,2015-03-31 00:41:50 UTC
3XD2A6FGFNUSC7LM7PKPO4F5ETYS9P,President installs arch foe as Ukrainian PM,AS9E0S6DBSWH7,-1,-1.0,2015-03-31 00:41:55 UTC
3E9ZFLPWOYSTJP0O5TWP05V0CYMXIK,Syria crisis: Russia calls for UN inquiry into chemical weapons claim,A9KPCMO1J1LQF,-1,-1.0,2015-03-31 01:01:26 UTC
3SA4EMRVJV2D3LHHFCX20O91O5WP0T,Kurdish rebel leaders buoyant and defiant,A9KPCMO1J1LQF,-1,-1.0,2015-03-31 01:06:23 UTC
3WRBLBQ2GR87Q8OICT7F6FV9NEA0G1,Iranian nuclear plants likely target of foiled cyber sabotage,A9KPCMO1J1LQF,-1,-1.0,2015-03-31 01:06:44 UTC
3J9UN9O9J3SHHAEJKZSI3SNPF6R0J5,North Korea and Russia forge year of friendship pariah alliance,AS9E0S6DBSWH7,-1,-1.0,2015-03-31 00:42:57 UTC
3VQTAXTYN3LRFDSNUETLUBSJNQMBUY,Indian PM Manmohan Singh pulls out of Commonwealth summit in Sri Lanka,AS9E0S6DBSWH7,-1,-1.0,2015-03-31 00:42:53 UTC
3FSEU3P2NR0MFSHVMHK6PFA3YDLRRN,Germany accused of paying large ransom to free hostages,AS9E0S6DBSWH7,-1,-1.0,2015-03-31 00:43:05 UTC
3KLL7H3EGD11J5K9ZWDMC8X0WAZVHM,Turkish MPs to vote on military action against Isis,A9KPCMO1J1LQF,-1,-1.0,2015-03-31 01:06:56 UTC
3Z33IC0JC0M84Z2Q1KPUZRZCDXRV9W,Ukraine opposition leader Klitschko: 'Crimea is integral to Ukraine' - video,A9KPCMO1J1LQF,-1,-1.0,2015-03-31 01:07:31 UTC
389A2A304OIU9W8DA7BWGOAUPMI0CR,Golden Dawn tour cancelled after MP fails to secure Australian visa,A9KPCMO1J1LQF,-1,-1.0,2015-03-31 01:07:14 UTC
33QQ60S6ASIQVQPDWYWWAUW0WMP0U1,Reported shrine visit reopens Japanese war wounds,A9KPCMO1J1LQF,-1,-1.0,2015-03-31 01:06:32 UTC
3VADEH0UHCXD4U1TOEGMAUFKJXFSPJ,Iran intensifies protest crackdown with arrests of activists' relatives,A1GKEEI844CEKI,-1,-1.0,2015-03-31 00:44:08 UTC
3GL25Y6843UFF8QFQ8UHSY2HT77XM1,Russia relaxes opposition to Nato,A9KPCMO1J1LQF,-1,-1.0,2015-03-31 01:07:18 UTC
3BFF0DJK8XCBWMU05VP6F4GH801STP,Censorship in China: crackdown on bloggers as rumours of coup swirl,A1GKEEI844CEKI,-1,-1.0,2015-03-31 00:44:32 UTC
3RWB1RTQDJNVLAMKAGAHT3FJ7398P0,Fighter jets scrambled in alert over unresponsive airliner,AS9E0S6DBSWH7,-1,-1.0,2015-03-31 00:44:02 UTC
3XQ4XW3OD9CHCN0NMG5AEH7R8NNS2W,Guardian reveals Israeli nukes kept out of Iraq dossier,A9KPCMO1J1LQF,-1,-1.0,2015-03-31 01:05:49 UTC
30U1YOGZGAW4FXY3J5PRA0YV5ECSD5,Al-Qaida links still dubious,A1GKEEI844CEKI,-1,-1.0,2015-03-31 00:44:50 UTC
38O9DZ0A62NCPP2QF327DCBZQYR62P,Ukraine launches raid on rebel-held port of Mariupol - video,AS9E0S6DBSWH7,-1,-1.0,2015-03-31 00:44:55 UTC
30F94FBDNRKCF0DYU93BPF6H4CFBT7,Iraq's foreign militants 'come from US allies',A9KPCMO1J1LQF,-1,-1.0,2015-03-31 01:08:23 UTC
30P8I9JKOILP3C0EYUCDNBUAR195VG,Baha Mousa report criticises 'cowardly and violent' British soldiers,A9KPCMO1J1LQF,-1,-1.0,2015-03-31 00:44:59 UTC
3M4KL7H8KVN504KUWZ2T8T1UYSD618,Russia's vast but flawed election,A9KPCMO1J1LQF,-1,-1.0,2015-03-31 01:06:11 UTC
3NOEP8XAU42L0BNSIOM992WCYCHPXO,India postpones plan to allow in Walmart and Tesco,AS9E0S6DBSWH7,-1,-1.0,2015-03-31 00:43:50 UTC
3XWUWJ18TLQ6BC1TU5AGZ1K7CBTUUY,Investigation into Angela Merkel phone-hacking allegations launched - video,AS9E0S6DBSWH7,-1,-1.0,2015-03-31 00:43:46 UTC
3LVTFB9DE5IVE1THTR1ULLMR0I8GQF,Third Turkish 'bird flu' death reported,A1GKEEI844CEKI,-1,-1.0,2015-03-31 00:44:56 UTC
30Z7M1Q8UYKOY6GILXSK38QO8H98AK,MH17: train carrying bodies of victims arrives in government-held Kharkiv,A9KPCMO1J1LQF,-1,-1.0,2015-03-31 01:06:08 UTC
3NCN4N1H1GHEKN8EXDHZGG0PFUTBN6,Duncan Campbell on the finding of severed feet in British Columbia,AS9E0S6DBSWH7,-1,-1.0,2015-03-31 00:44:16 UTC
3XUY87HIVPE4LWRBC1S8HHMJM3NMM6,Toxic cargo,AS9E0S6DBSWH7,-1,-1.0,2015-03-31 00:45:39 UTC
3D4BBDG7ZHWQQO7ATUTFIM81SY23CP,Greek Golden Dawn MP assaults female politicians on TV talkshow,AS9E0S6DBSWH7,-1,-1.0,2015-03-31 00:45:45 UTC
375VSR8FVW9VHJ3MWYEJBIC27U3RZF,Syria's attack on Turkey condemned by William Hague - video,A109CH3492UU42,-1,-1.0,2015-03-31 01:07:21 UTC
37VUR2VJ6APUGLTV6QFWUTT4UEP1CW,Turkey protests: police use teargas and water cannon to clear Taksim Square,AS9E0S6DBSWH7,-1,-1.0,2015-03-31 00:45:20 UTC
3R5OYNIC2C9EJUE8DELCKZB6LGTPT5,Nine bodies found as Japan fails to curb internet suicide pacts,AS9E0S6DBSWH7,-1,-1.0,2015-03-31 00:46:11 UTC
3Y7LTZE0YTMNXBV30S9OGTZMET7UZM,Greece not looking for EU handouts with debt crisis,AS9E0S6DBSWH7,-1,-1.0,2015-03-31 00:46:03 UTC
3BKZLF990ZZV0SEHNXN0SLTV5EYYQV,EU tightens sanctions against Iran,A109CH3492UU42,-1,-1.0,2015-03-31 01:07:45 UTC
3EPG8DX9LKQCYS3ICI3EHJ5S5D8P5F,Jobless young Greeks take imaginative steps to change their destiny,A9KPCMO1J1LQF,-1,-1.0,2015-03-31 01:08:00 UTC
3SMIWMMK615J3GQYP5PHHP54XR4UWX,Spanish police raid Europe's biggest cocaine laboratory,AS9E0S6DBSWH7,-1,-1.0,2015-03-31 00:44:59 UTC
3ZVPAMTJWN3VQ28H66QUQBWWW4AGRG,Turkish Cypriot appetite for united island dwindles as hostility grows,AS9E0S6DBSWH7,-1,-1.0,2015-03-31 00:45:26 UTC
3D0LPO3EABZSFG118KVW3GYVQDGOYD,Russian watchdog attacks plan to import nuclear waste,A9KPCMO1J1LQF,-1,-1.0,2015-03-31 01:07:43 UTC
3MDWE879UH2TVL4KW3YUYF55A5CB97,Book prize judges criticise decision to axe Putin expose,AS9E0S6DBSWH7,-1,-1.0,2015-03-31 00:46:08 UTC
3YZ7A3YHR5T9BKJA4Z78COA3SXFS5Y,Iran calls for nuclear talks as further sanctions loom,AS9E0S6DBSWH7,-1,-1.0,2015-03-31 00:46:49 UTC
32ZCLEW0BZKK5RI31K78ITOXNE3PJ1,Syrian rebels claim receipt of major weapons shipment,A9KPCMO1J1LQF,-1,-1.0,2015-03-31 01:08:11 UTC
31ODACBENUFY4628ORVBAZ5UOT1SQA,Turkish police fire teargas at crowds mourning boy injured in protests,A1UL8XW5GSWYAA,-1,-1.0,2015-03-31 01:07:59 UTC
3G4VVJO6PZGFGBOLJ57KJ8OA233PK0,Sisters who hid &pound;29m in shed face tax charge,AS9E0S6DBSWH7,-1,-1.0,2015-03-31 00:48:07 UTC
3O71U79SRBP7JR4GWYOUTQLPES5MSI,Japanese oil tanker hit by terrorist bomb,A1UL8XW5GSWYAA,-1,-1.0,2015-03-31 01:07:50 UTC
379OL9DBSSEP8TXV6VCE6Q36VEUY99,Libya: Gaddafi says he will fight to the end  Friday 2 September,A1UL8XW5GSWYAA,-1,-1.0,2015-03-31 01:08:12 UTC
382GHPVPHSRNVKUV0FNXZOWD0LL34C,Israeli attack on Gaza flotilla sparks international outrage,A9KPCMO1J1LQF,-1,-1.0,2015-03-31 01:08:04 UTC
3XT3KXP24ZYG0AGS46NZ0SIGFUO6I0,Mother of Delhi gang rape victim unhappy with sentence of convicted teenager - video,AS9E0S6DBSWH7,-1,-1.0,2015-03-31 00:47:01 UTC
37M4O367VJI6DP65K2BM0FBX08WM5F,Iraq crisis: humanitarian crisis continues despite fewer people on Mount Sinjar than expected - video,A1S88VQY8G8CNC,-1,-1.0,2015-03-31 01:08:11 UTC
3K3IX1W4S6R94YFZ7EUVPULEXR8PAK,Russia: Wary EU balks at pledge of integration for Ukraine,AS9E0S6DBSWH7,-1,-1.0,2015-03-31 00:47:18 UTC
3IHWR4LC7DD34OZGXLKXK6E7LPE8IO,Bollywood Hamlet set in Kashmir likely to cause controversy in India,AS9E0S6DBSWH7,-1,-1.0,2015-03-31 00:47:30 UTC
3P4C70TRMRHKN4D41MTY4ZNXQCLGLQ,US Congress notified over $60bn arms sale to Saudi Arabia,A109CH3492UU42,-1,-1.0,2015-03-31 01:08:20 UTC
3M93N4X8HKNHIJYVT1B2DYT8AYAJSB,Drone strikes in Yemen: US expert warns of anti-western sentiment,AS9E0S6DBSWH7,-1,-1.0,2015-03-31 00:47:13 UTC
37VUR2VJ6APUGLTV6QFWUTT4UEOC16,Iran and Syria confront US with defence pact,A9KPCMO1J1LQF,-1,-1.0,2015-03-31 00:47:25 UTC
3JAOYN9IHL22DOBR01IEPJ47MLP33R,Jitters across EU as Russia cuts Ukraine fuel supply,A109CH3492UU42,-1,-1.0,2015-03-31 01:08:32 UTC
3KL228NDMVM93YVMGMHXPZAI1CGGKN,Syria crisis: Prince Charles visits refugee camp - Wednesday 13 March 2013,A9KPCMO1J1LQF,-1,-1.0,2015-03-31 00:47:42 UTC
3VW0145YLYCEKOLQ94FG1PU2I9SJMZ,Muslim areas of Kashmir under curfew ahead of protest rally,A9KPCMO1J1LQF,-1,-1.0,2015-03-31 00:46:51 UTC
3E22YV8GG16GOH9OGIZ0B05EWY7PN4,Swine flu: Mexican citizens flown back from China after being held in hotels,A1UL8XW5GSWYAA,-1,-1.0,2015-03-31 01:09:03 UTC
3E6L1VR4XWMWQJE23YHEXV5OZ2W6F9,Moscow accuses Kiev of issuing 'criminal orders' and warns of civil war,A1GKEEI844CEKI,-1,-1.0,2015-03-31 00:47:18 UTC
3Q2T3FD0ON83ZAJ16JNTLIDDMC63M7,Saudi Arabia irritated by the changing US relationship with Iran,A1GKEEI844CEKI,-1,-1.0,2015-03-31 00:47:06 UTC
3HUR21WDDUPF9PFT9BISMTPO2HLXYR,The mass graves of Kashmir,A9KPCMO1J1LQF,-1,-1.0,2015-03-31 00:47:30 UTC
3B9XR6P1WEVI1XHTIFP7N9J86AOBJ2,Ukraine forces admit loss of Donetsk airport to rebels,A1GKEEI844CEKI,-1,-1.0,2015-03-31 00:46:42 UTC
30OITAWPBQ33MY76WV8QKQ835IHH9T,Delhi gang-rape victim's friend describes attack for first time - video,A1GKEEI844CEKI,-1,-1.0,2015-03-31 00:45:24 UTC
3PA41K45VN4RLWH10BIBF3JOWJ3P7U,Spain tries to block Senegal migration route,A1GKEEI844CEKI,-1,-1.0,2015-03-31 00:46:02 UTC
3SD15I2WD2U1A7Y9J3GCWMGRWCR36X,Fukushima nuclear plant emergency: week three - in pictures,AS9E0S6DBSWH7,-1,-1.0,2015-03-31 00:46:18 UTC
3YZ7A3YHR5T9BKJA4Z78COA3SXES5X,All the rage - victim of US bloggers' cartoon hits back,AS9E0S6DBSWH7,-1,-1.0,2015-03-31 00:46:28 UTC
3RIHDBQ1NEYITIQ0L4CVPCEN5HNMHW,Sweden's Strictly star adds charisma to feminist push for parliament,A9KPCMO1J1LQF,-1,-1.0,2015-03-31 01:10:16 UTC
3BCRDCM0ODU7656G498BD8XT7YD6KB,Iran holds two Chinese 'spies',AS9E0S6DBSWH7,-1,-1.0,2015-03-31 00:46:39 UTC
3RWB1RTQDJNVLAMKAGAHT3FJ739P8H,Israel flotilla attack: Egypt opens border with Gaza,A9KPCMO1J1LQF,-1,-1.0,2015-03-31 01:10:05 UTC
3K2CEDRACB18YRHVLYTK3VHBGBIMT6,Hague says Iran will face 'serious consequences' over embassy attack,A9KPCMO1J1LQF,-1,-1.0,2015-03-31 01:10:57 UTC
3TLFH2L6Y9OIRND2BGA0OM3DA622TW,Yemeni officials fail to produce 'disappeared' American for fourth time,A9KPCMO1J1LQF,-1,-1.0,2015-03-31 00:46:15 UTC
3BAWBGQGYLZ4QGEXMNRALV86I73V7K,China jails human rights campaigner,A1S88VQY8G8CNC,-1,-1.0,2015-03-31 01:10:16 UTC
3QD8LUVX4XYH7159Y9DVBWRV7CH5XJ,Schrder makes u-turn on Iraq,A9KPCMO1J1LQF,-1,-1.0,2015-03-31 00:45:58 UTC
3MVY4USGB6NLN8EPBJQ21XE8XJLSI8,UN to send investigators to Iraq over Islamic State 'atrocities',A1GKEEI844CEKI,-1,-1.0,2015-03-31 00:46:11 UTC
3IJ95K7NDXCAB4GPDZ9DHRRMV7LGNS,Japan sees biggest population fall,A1GKEEI844CEKI,-1,-1.0,2015-03-31 00:46:48 UTC
33BFF6QPI1BZ4MDFALTGUGF4KEK3WY,Turkey puts 44 journalists on trial for terrorism and backing pro-Kurd group,A1S88VQY8G8CNC,-1,-1.0,2015-03-31 01:10:35 UTC
37VE3DA4YUHMARM3UFMMBW3TTIKBHX,Two face charges over blond-haired girl found  in Gypsy camp,A9KPCMO1J1LQF,-1,-1.0,2015-03-31 00:48:30 UTC
3EFNPKWBMSO6WWCUHE0VNL60J9530W,Pro-Tibet protesters strike as the Olympic flame is lit,A34MLDXV03B7K9,-1,-1.0,2015-03-31 01:11:34 UTC
3O4VWC1GEW6DY2DG3MA15QLWIIB3J3,Six charged with attack on US ship,A9KPCMO1J1LQF,-1,-1.0,2015-03-31 00:47:47 UTC
3D1UCPY6GG9OELHXCIDAG0CI27H83O,Bush fails to win over sceptical Europeans,A109CH3492UU42,-1,-1.0,2015-03-31 01:11:34 UTC
3D0LPO3EABZSFG118KVW3GYVQDFOYC,Iraq WMD report to lay blame on CIA,A109CH3492UU42,-1,-1.0,2015-03-31 01:10:45 UTC
39I4RL8QGJH2PS1UF0CZ3IXNJQ3H4X,Former Indian prime minister blamed over 1992 Babri mosque violence,A9KPCMO1J1LQF,-1,-1.0,2015-03-31 00:47:51 UTC
3MXX6RQ9EV5U29ZIYDK4CRZE5HDP4A,Xu Zhiyong trial: reaction of Chinese officials has unexpected impact,A9KPCMO1J1LQF,-1,-1.0,2015-03-31 00:47:58 UTC
3PR3LXCWSFZ08O7L1ZQCNCWXT8ZX91,Germany's ruling alliance teeters on the brink as Angela Merkel loses control,A9KPCMO1J1LQF,-1,-1.0,2015-03-31 00:48:03 UTC
3K3IX1W4S6R94YFZ7EUVPULEXR9PAL,Fears grow for Canadian researcher arrested in Tajikistan,A109CH3492UU42,-1,-1.0,2015-03-31 01:11:02 UTC
3UYRNV2KITZVIPA7U1XPPEAO7O88N4,Syria crisis: Let UN search for chemical weapons,A9KPCMO1J1LQF,-1,-1.0,2015-03-31 00:48:59 UTC
34D9ZRXCYRU6HQVRZVYPKZQPKBGSA4,Russians were ordered to attend Putin rallies,A34MLDXV03B7K9,-1,-1.0,2015-03-31 01:11:07 UTC
3VIVIU06FKCIPD1KRMUGPOF25U2MIP,Vladimir Putin tells Brussels to stay out of Ukraine's political crisis,A109CH3492UU42,-1,-1.0,2015-03-31 01:10:40 UTC
3MGHRFQY2LP7CZ9I6ZTLDF2DSA0Y0X,Papers found in Iran are evidence of plans for nuclear weapon manufacture,A109CH3492UU42,-1,-1.0,2015-03-31 01:10:32 UTC
38DCH97KHH2553JI1XMXIYE7SAPJQM,Let Iran decide regime changes,AS9E0S6DBSWH7,-1,-1.0,2015-03-31 00:48:23 UTC
3EPG8DX9LKQCYS3ICI3EHJ5S5D7P5E,Greece debt creating healthcare crisis,A109CH3492UU42,-1,-1.0,2015-03-31 01:10:27 UTC
378G7J1SJLY2EKTCZ5ACD7J1B3AEW0,Protests at Turkish mobilisation,A34MLDXV03B7K9,-1,-1.0,2015-03-31 01:10:53 UTC
3HUR21WDDUPF9PFT9BISMTPO2HKXYQ,Europe warned of Iranian missile threat,A109CH3492UU42,-1,-1.0,2015-03-31 01:11:22 UTC
3TTPFEFXCTKG4F58YO5E0GH1FH9H6I,Family of three dies from apparent starvation in Japan,A34MLDXV03B7K9,-1,-1.0,2015-03-31 01:10:47 UTC
3XBXDSS888JV9Q8UQWT2SLNST2HXLZ,Ukraine protests and police crackdown  in pictures,A1GKEEI844CEKI,-1,-1.0,2015-03-31 00:49:37 UTC
3S8A4GJRD33LMG0S3DMIFH8ANWJV6L,Syrians fleeing Kobani detained by Turkey on suspicion of being militia,A1S88VQY8G8CNC,-1,-1.0,2015-03-31 01:11:26 UTC
3BAWBGQGYLZ4QGEXMNRALV86I74V7L,Syria: activists arrested as assault on cities continues   Thursday 16 February,A1S88VQY8G8CNC,-1,-1.0,2015-03-31 01:11:39 UTC
39XCQ6V3KY44OMLDXM45BJEBA8I65Q,Fidel Castro returns to TV with dire warning of nuclear conflict,A1S88VQY8G8CNC,-1,-1.0,2015-03-31 01:11:31 UTC
3HFWPF5AK9J6X5W6QGJFXRCJE1OS38,Greece and the return of the economic 'death spiral' | David Blanchflower,A1S88VQY8G8CNC,-1,-1.0,2015-03-31 01:11:07 UTC
3ZC62PVYDHAQ9KPJ4FWQ3FIF0BQXXK,Rivals compete in deadly race to step up nuclear arms production,A1GKEEI844CEKI,-1,-1.0,2015-03-31 00:51:17 UTC
3OLZC0DJ8JF1F0VT5EV7CKYFWNFVIG,Cambridge student on trial for throwing shoe at Chinese PM,A1GKEEI844CEKI,-1,-1.0,2015-03-31 00:51:03 UTC
36AZSFEYZ40RSSHNZ43QQXU21XVVB7,Japan hits out at 'polarised' whaling council,A1S88VQY8G8CNC,-1,-1.0,2015-03-31 00:50:39 UTC
3P458N04Q1HP84MMGQBXDPOJN2Q2XF,Iraq war strain leads troops to abuse civilians,A1S88VQY8G8CNC,-1,-1.0,2015-03-31 01:12:36 UTC
3TUOHPJXYHXBKKKTUA041W48R9LXWS,Iran comes to Munich,A9KPCMO1J1LQF,-1,-1.0,2015-03-31 01:12:17 UTC
324N5FAHSXBSLVLH5HGJP0DSOR4VKR,Corrupt officials have cost China 330m in 20 years,A109CH3492UU42,-1,-1.0,2015-03-31 01:12:06 UTC
3JU8CV4BRLCY6290HXZDQP5JM8DPOK,Brown warns Iran to end 'totally abhorrent' threat to destroy Israel,AS9E0S6DBSWH7,-1,-1.0,2015-03-31 00:51:02 UTC
3909MD9T2ZH03Y7H9G0C9JX1G0KEF2,Iranian film-maker jailed for five years for 'collaborating with the BBC',AS9E0S6DBSWH7,-1,-1.0,2015-03-31 00:50:37 UTC
39O6Z4JLX2XY5VKO40V8FULUK0IXVH,The day I fled Iran in terror and left my family behind  a journalist's story,A109CH3492UU42,-1,-1.0,2015-03-31 01:13:29 UTC
375VSR8FVW9VHJ3MWYEJBIC27U4RZG,Response: Iran's energy needs will not be met by oil alone,AS9E0S6DBSWH7,-1,-1.0,2015-03-31 00:51:41 UTC
3DGDV62G7O9KZVKVUZ1GJC2GL3HP2E,Protesters in Ukraine guard biggest weapons cache in eastern Europe,A34MLDXV03B7K9,-1,-1.0,2015-03-31 01:12:50 UTC
3HJ1EVZS2OJUWQWTBRJA7H7NSZ53RV,Madrid bristles at reports of CIA activity in Mallorca,AS9E0S6DBSWH7,-1,-1.0,2015-03-31 00:52:41 UTC
3R5LWXWHR08FNYUTF5WMFTIKXLUXGS,After the tsunami: Japan's clear-up likely to take three years,A34MLDXV03B7K9,-1,-1.0,2015-03-31 01:12:19 UTC
3O71U79SRBP7JR4GWYOUTQLPES4SMN,Mystery over Russian general found dead on Turkish beach,AS9E0S6DBSWH7,-1,-1.0,2015-03-31 00:52:29 UTC
3BA7SXOG1JQGXN2ZN8E6YYFY8LX8RS,India vows to fight terror as border battles intensify,A109CH3492UU42,-1,-1.0,2015-03-31 01:12:10 UTC
34YWR3PJ28AICUJ8137JU1V4Q460XT,Amnesty demands Iran ends 'grotesque' stoning executions,AS9E0S6DBSWH7,-1,-1.0,2015-03-31 00:52:14 UTC
3Y40HMYLL1IYSGVOZAL3J8JB6T9XUS,Taiwanese president and vice-president shot,AS9E0S6DBSWH7,-1,-1.0,2015-03-31 00:52:36 UTC
3M93N4X8HKNHIJYVT1B2DYT8AY9SJJ,Iran condemns tougher US oil sanctions bill passed by House,A1S88VQY8G8CNC,-1,-1.0,2015-03-31 00:52:12 UTC
30EV7DWJTVV2QAVX8O92MGC45DMY6Y,Bush: Saddam execution looked like revenge killing,AS9E0S6DBSWH7,-1,-1.0,2015-03-31 00:52:32 UTC
3CKVGCS3PG5AGDX97T1WVTECBP4S0D,Tehran warns Israel against attack on Syria as arms tension mounts,A1S88VQY8G8CNC,-1,-1.0,2015-03-31 00:53:23 UTC
30P8I9JKOILP3C0EYUCDNBUAR18V55,The lesson today will be in holy war,AS9E0S6DBSWH7,-1,-1.0,2015-03-31 00:52:50 UTC
3Y3N5A7N4G94FDGPV4GJBC9QVD1MYW,Fear and loathing grips Turkey as anti-Erdogan protests gather pace,A109CH3492UU42,-1,-1.0,2015-03-31 01:12:33 UTC
3JYPJ2TAYI840PW7IUGN3VW5U7LPFX,Forgotten children of Spain's civil war reunite 75 years after exile,A9KPCMO1J1LQF,-1,-1.0,2015-03-31 01:12:37 UTC
3B9J25CZ25DUA5SPJ9UGQUGDKE1SC6,Obama: violation of Ukraine 'would be deeply destabilizing'  live updates,AS9E0S6DBSWH7,-1,-1.0,2015-03-31 00:32:30 UTC
3CVDZS288H0YFMZUQEOVMR2AP2AMFY,Briton's death sentence upheld by China's supreme court,A34MLDXV03B7K9,-1,-1.0,2015-03-31 01:12:27 UTC
31MCUE39BKM370NFVGPY8DTGQQU3GZ,Letters: Chernobyl: a human catastrophe we should never forget,AS9E0S6DBSWH7,-1,-1.0,2015-03-31 00:35:21 UTC
39N6W9XWRDN4N3K3K1IOY7PTZRPGYI,Dynamite trucks cause fatal explosion in China,AS9E0S6DBSWH7,-1,-1.0,2015-03-31 00:52:55 UTC
3VI0PC2ZAYK3FBBR3O9UK2RMO7LXOF,German army instructor dismissed over racism,AS9E0S6DBSWH7,-1,-1.0,2015-03-31 00:55:00 UTC
32LAQ1JNT9PRBZM4U0K6U5Y5TXMUT7,Wave of bombings kills up to 70 in Iraq as al-Qaida chief is caught,AS9E0S6DBSWH7,-1,-1.0,2015-03-31 00:35:15 UTC
3KWGG5KP6J2RCAFKZCYUELH7SPJMCO,Tehran raises the stakes in hostage crisis,AS9E0S6DBSWH7,-1,-1.0,2015-03-31 00:54:35 UTC
3CO05SML7V5YFYXWS41R5J9GPNL0RX,Lagarde list publisher returns to Greek court months after being exonerated,AS9E0S6DBSWH7,-1,-1.0,2015-03-31 00:34:28 UTC
3JGHED38EDRLUA92RYEUSUC00O6Y7X,Arabs ponder implications of Iran's unrest,A1S88VQY8G8CNC,-1,-1.0,2015-03-31 00:53:30 UTC
3LN50BUKPVBQ0H6345JLY81PR37PL2,Ahmadinejad sees Iranian-made fuel rods at nuclear reactor   video,AS9E0S6DBSWH7,-1,-1.0,2015-03-31 01:13:40 UTC
3Z56AA6EK402WT6JPLLRSLPXW386MG,Tiananmen Square leader arrested,AS9E0S6DBSWH7,-1,-1.0,2015-03-31 00:54:23 UTC
329E6HTMSW289MJYL7AD65L9X7B3K2,MH17 black box handover set to delay escalation of sanctions against Russia,A1S88VQY8G8CNC,-1,-1.0,2015-03-31 01:13:17 UTC
3D7VY91L65X825NELC2Z31BPA4JBM6,Iranian stars petition UN over medicine shortages,AS9E0S6DBSWH7,-1,-1.0,2015-03-31 00:53:35 UTC
344M16OZKIFCRQKY74JPHO6AIR6EN9,Hitman was a conman,AS9E0S6DBSWH7,-1,-1.0,2015-03-31 01:13:11 UTC
3W0XM68YZPVCZJ5JY3WUIC6CZNXK1R,American retailers' plan for Bangladesh factory safety branded a sham,A9KPCMO1J1LQF,-1,-1.0,2015-03-31 00:54:07 UTC
3Z33IC0JC0M84Z2Q1KPUZRZCDXSV9X,Greece austerity plan draws thousands of protesters onto streets - video,AS9E0S6DBSWH7,-1,-1.0,2015-03-31 01:13:44 UTC
39KV3A5D187OYOXTSSM5A8OZJ39S7C,Germany and France warn NSA spying fallout jeopardises fight against terror,AS9E0S6DBSWH7,-1,-1.0,2015-03-31 00:36:53 UTC
301KG0KX9CLSMEM7BMTBA30PZC7H21,Pakistan warns west: we cannot fight al-Qaida if crisis escalates,AS9E0S6DBSWH7,-1,-1.0,2015-03-31 00:37:01 UTC
3FHTJGYT8N0AEPS2TEM5LGWHVMMPGX,Iran declares ban on western music,AS9E0S6DBSWH7,-1,-1.0,2015-03-31 00:36:57 UTC
3WGZLY9VCHMMWDJU57JMT9YUTK68DM,Latest suicide shows Greece is in desperate straits  but it won't spark a revolution,A9KPCMO1J1LQF,-1,-1.0,2015-03-31 00:54:14 UTC
3RZS0FBRWKAXXDCXRSQMVPB2XUTPCM,Syria crisis: Aleppo bomb attacks - Wednesday 3 October 2012,AS9E0S6DBSWH7,-1,-1.0,2015-03-31 00:36:47 UTC
3ATYLI1PRT22KR62MKUTTTJ7D97JOE,Istanbul Biennial under fire for tactical withdrawal from contested sites,A9KPCMO1J1LQF,-1,-1.0,2015-03-31 01:13:49 UTC
3J5XXLQDHMBMPXDAKBOK8EWQD5HV3F,German MPs back EU constitution,A9KPCMO1J1LQF,-1,-1.0,2015-03-31 00:54:29 UTC
3EAWOID6MTXQ85ED1O616GYJATY0VQ,Japan's premier signals a long goodbye,A9KPCMO1J1LQF,-1,-1.0,2015-03-31 01:14:00 UTC
3MJ28H2Y1E8UDSRHXIQZSJ02V8C5OE,Leader: German sleaze inquiry,A1GKEEI844CEKI,-1,-1.0,2015-03-31 00:37:44 UTC
3FHTJGYT8N0AEPS2TEM5LGWHVMMGPO,India vows to punish Pakistan,A1GKEEI844CEKI,-1,-1.0,2015-03-31 00:37:39 UTC
3HEADTGN2PSE8ZYCV1PGQCZ6JJYRVG,China: lawyers fear new regulation against 'disrupting' hearings,A9KPCMO1J1LQF,-1,-1.0,2015-03-31 01:13:56 UTC
3HYV4299H0WROJXU12U6ZRGFTW7E8L,UK ignores expulsion of ambassador to Ivory Coast,A1GKEEI844CEKI,-1,-1.0,2015-03-31 00:37:51 UTC
3R16PJFTS3RTRI22LLFWGADFB77K44,Chinese jeans bearing name of God anger Iranians,A9KPCMO1J1LQF,-1,-1.0,2015-03-31 01:13:22 UTC
3126F2F5F83CUBWBNJWHLDB5I67PEG,Roadside bomb kills British soldier on Basra patrol,A1GKEEI844CEKI,-1,-1.0,2015-03-31 00:38:11 UTC
371DNNCG442TD2FRRXJ1YDGGW6U8T5,My real role in Kurds' struggle for freedom | @guardianletters,A9KPCMO1J1LQF,-1,-1.0,2015-03-31 00:54:34 UTC
3WGCNLZJKF84LDZ96MA7EZBMFE11DW,Shah of Iran's youngest son shoots himself,AS9E0S6DBSWH7,-1,-1.0,2015-03-31 00:53:13 UTC
3D06DR5225J3JVIMFY238QRJSMXMAL,One dead as Stockholm explosions hit shoppers,A1GKEEI844CEKI,-1,-1.0,2015-03-31 00:38:18 UTC
3L7SUC0TTUU7IIK4NW5AJKF6J0M0M9,Deadlock in Ukraine as Kuchma accused of sabotaging vote,A1S88VQY8G8CNC,-1,-1.0,2015-03-31 01:14:35 UTC
3XD2A6FGFNUSC7LM7PKPO4F5ETXS9O,Clinging to hope in Iraq's sea of violence,A9KPCMO1J1LQF,-1,-1.0,2015-03-31 01:14:11 UTC
3S829FDFT21CBEK2DFVE98FNKTEXDI,Chinese relationship with North Korea 'has withstood tempests',A9KPCMO1J1LQF,-1,-1.0,2015-03-31 01:14:25 UTC
3FO95NVK5C0YG7H816KBFPFZKF4SRC,India warns of Kashmir war,AS9E0S6DBSWH7,-1,-1.0,2015-03-31 00:38:02 UTC
3VW0145YLYCEKOLQ94FG1PU2I9SMJ2,As the crow flies: birds flee Tehran's polluted air,A9KPCMO1J1LQF,-1,-1.0,2015-03-31 00:54:59 UTC
388FBO7JZRTAXV1P75VJORYQ03BYN8,India attack fuels crisis,AS9E0S6DBSWH7,-1,-1.0,2015-03-31 00:38:05 UTC
3I4E7AFQ2KZIXJBAI1GSN3PUCHOJT0,Blair rallies to cause of Hong Kong democracy,A9KPCMO1J1LQF,-1,-1.0,2015-03-31 00:55:19 UTC
3538U0YQ1FUXT0RKKWJGQST4PBU3F0,EU braces itself for influx of Iraqi refugees,A9KPCMO1J1LQF,-1,-1.0,2015-03-31 00:55:14 UTC
391JB9X4ZY89V8R8RPFS24UFXYRMK0,India: Scion of wealthy family convicted in BMW hit-and-run case,AS9E0S6DBSWH7,-1,-1.0,2015-03-31 00:37:59 UTC
34XASH8KLQMA6ZOO4HK0YLGER8XPM4,Kashmiris tell militants to go,A9KPCMO1J1LQF,-1,-1.0,2015-03-31 00:55:24 UTC
372AGES0I456CO37VGQYEXWRZU6XRP,South Korea unmoved by death threat,AS9E0S6DBSWH7,-1,-1.0,2015-03-31 00:38:20 UTC
391JB9X4ZY89V8R8RPFS24UFXYSMK1,Greek steelworks strikers still holding out after 228 days,A109CH3492UU42,-1,-1.0,2015-03-31 01:14:02 UTC
38G0E1M85M56ORQTZVKLVNMQQI2UVN,Iraqi funeral hit by suicide bomber,A1GKEEI844CEKI,-1,-1.0,2015-03-31 00:38:23 UTC
3T2EL38U0MK60NO7I11Y97MM384XQO,Russia and west on collision course over Ukraine as talks fail in London,A1S88VQY8G8CNC,-1,-1.0,2015-03-31 00:55:52 UTC
356ZPKYPUHHA0GD2NK8BSG3L0IBPYU,Sichuan earthquake aftermath - picture of the day,A109CH3492UU42,-1,-1.0,2015-03-31 01:14:19 UTC
3IWA71V4TIGDQ55N3SN0325V37RX6Q,Gazprom targets key UK names in drive for expansion,AS9E0S6DBSWH7,-1,-1.0,2015-03-31 00:38:16 UTC
3R5LWXWHR08FNYUTF5WMFTIKXLVGXC,US sends aircraft carrier to Persian Gulf as Obama considers air strikes in Iraq,A109CH3492UU42,-1,-1.0,2015-03-31 01:14:26 UTC
307L9TDWJYS9HS41IK2TYX2DR2G3N7,Death toll from Ukraine apartment explosion reaches 26,AS9E0S6DBSWH7,-1,-1.0,2015-03-31 00:56:31 UTC
338431Z1FLFJIFPFUP32VK5YNQ1ROE,100 Somalis feared dead off Yemen coast,AS9E0S6DBSWH7,-1,-1.0,2015-03-31 00:38:35 UTC
3LCXHSGDLT6973C3F00BGIGG5QESEZ,MH370: Ban on overflights and delays in sharing data hamper search,AS9E0S6DBSWH7,-1,-1.0,2015-03-31 00:56:23 UTC
34O39PNDK68ZZL06QKYGP05ZGRIBRU,'The guy was screaming ... he was hanging out from his window',A109CH3492UU42,-1,-1.0,2015-03-31 01:14:33 UTC
3ZRKL6Z1E837RH8ULVQZGL1SI6TSGG,Japanese growth fails to cheer,AS9E0S6DBSWH7,-1,-1.0,2015-03-31 00:38:52 UTC
38LRF35D5LWMCIOAFLEFCSU7ZY93UZ,South Africa scrambles to deal with fallout from leaked spy cables,A9KPCMO1J1LQF,-1,-1.0,2015-03-31 00:57:15 UTC
3P7RGTLO6ED8T7IJUMPNTDZF3H3KAF,Children crushed after fireworks,A109CH3492UU42,-1,-1.0,2015-03-31 01:14:13 UTC
3K2CEDRACB18YRHVLYTK3VHBGBJMT7,Mahmoud Ahmadinejad's renewed attack on Israel hastens walkout,AS9E0S6DBSWH7,-1,-1.0,2015-03-31 00:39:15 UTC
36U4VBVNQODEVK9CQBFBUQXN5CPRUR,Fear of 'different world' if Iran gets nuclear weapons,A9KPCMO1J1LQF,-1,-1.0,2015-03-31 00:57:04 UTC
3DZKABX2ZI5A2X9TD4ZL1H0KJIVVCE,US will not enter bilateral no-spy deal with Germany,AS9E0S6DBSWH7,-1,-1.0,2015-03-31 00:39:04 UTC
338GLSUI43B1DHCZABKHY01GHRSSFG,Last-minute rethink stalled deal on nuclear Iran,A9KPCMO1J1LQF,-1,-1.0,2015-03-31 00:57:46 UTC
3BJKPTD2QCCZV7UNQ6P1PUBLMYIRT0,Medvedev warns against Nato admission for Russian neighbours,AS9E0S6DBSWH7,-1,-1.0,2015-03-31 00:38:57 UTC
3EQPA8A374WEJVK9OT5A9RQBXDAJZG,The al-Qaida fighter shaped by demagogues and plastic surgeons,AS9E0S6DBSWH7,-1,-1.0,2015-03-31 00:39:09 UTC
3Z8UJEJOCZDOSQ07HAJOGW7TMDZ398,Police close Ibiza dance clubs over drug allegations,A9KPCMO1J1LQF,-1,-1.0,2015-03-31 00:57:57 UTC
3ABAOCJ4R84V6BP34UZPYQ6OW4JMQS,Chinese plans in Seychelles revive Indian fears of encirclement,A109CH3492UU42,-1,-1.0,2015-03-31 01:15:33 UTC
3L21G7IH47W7JOU02IXLRKLNX26Y10,US stars fear they are easy targets of Olympics terror,AS9E0S6DBSWH7,-1,-1.0,2015-03-31 00:40:54 UTC
3PEG1BH7AERDCHNB00PJOOJLLZOKBA,Chinese police detain Tiananmen Square veteran's relatives,A1S88VQY8G8CNC,-1,-1.0,2015-03-31 00:57:25 UTC
31HLTCK4BLVNJ9PYFQV4R8LZHANGV9,Flamenco star charged with hit-and-run death,A109CH3492UU42,-1,-1.0,2015-03-31 01:16:04 UTC
3Y40HMYLL1IYSGVOZAL3J8JB6TAXUT,Mumbai terror trial hears claim that ISI and LeT coordinated with each other,A1S88VQY8G8CNC,-1,-1.0,2015-03-31 00:57:41 UTC
372AGES0I456CO37VGQYEXWRZU5XRO,The car behind is hitting a Toyota,AS9E0S6DBSWH7,-1,-1.0,2015-03-31 00:56:37 UTC
37SQU136V7OATIJXQTQCDXADQHX115,Iranians urge IMF to investigate Turkey's 11bn 'windfall',AS9E0S6DBSWH7,-1,-1.0,2015-03-31 00:41:04 UTC
3DW3BNF1GHI8QUJGWSJGZV41TRA8VL,Escape from brothel in China's Jilin province,A1GKEEI844CEKI,-1,-1.0,2015-03-31 00:39:29 UTC
38F60IALAGHBVDAOWT6M5YAYD8I0TA,Cartoonists react to Mahmoud Shokraye's conviction - in pictures,AS9E0S6DBSWH7,-1,-1.0,2015-03-31 00:41:10 UTC
3B0MCRZMBRUGR2L1WXCSFPA9WD8PP0,Japan earthquake and tsunami: humanitarian relief effort struggles,A9KPCMO1J1LQF,-1,-1.0,2015-03-31 00:58:01 UTC
3Y40HMYLL1IYSGVOZAL3J8JB6T9UXP,Ukraine on high alert as Russia advances into Crimea - video,A109CH3492UU42,-1,-1.0,2015-03-31 01:14:58 UTC
3YZ7A3YHR5T9BKJA4Z78COA3SXF5SB,Millions protest Madrid attacks,A1S88VQY8G8CNC,-1,-1.0,2015-03-31 00:58:01 UTC
3W5PY7V3UP7EE5A4S73RVKH9RJ6YJ4,Mystery of the Arctic Sea: ship feared seized by pirates in European waters,A1GKEEI844CEKI,-1,-1.0,2015-03-31 00:38:40 UTC
32CXT5U14G38DFUGR29B392IFK18UW,Living with the stench of death,A1GKEEI844CEKI,-1,-1.0,2015-03-31 00:38:45 UTC
3QX22DUVOOHNBJLKQTTZ4D5WDWZMVN,Japanese tax rise threatens rift in ruling party,A2UX7ZJEGGU5,-1,-1.0,2015-03-31 00:58:29 UTC
3N2YPY1GI6YPZVT79V5GR50N4U8VE7,Greek anger fuelled by cost of servicing debt,AS9E0S6DBSWH7,-1,-1.0,2015-03-31 00:40:10 UTC
3PEG1BH7AERDCHNB00PJOOJLLZOBK1,Ukraine parliamentary vote on Black Sea fleet erupts into fistfight,A1S88VQY8G8CNC,-1,-1.0,2015-03-31 00:59:44 UTC
3H6W48L9F4P6BBI28JQN7JI5PABPWV,Pakistan test-fires missile,AS9E0S6DBSWH7,-1,-1.0,2015-03-31 00:40:19 UTC
3S8A4GJRD33LMG0S3DMIFH8ANWKV6M,Japan rules out new apology to 'comfort women',A1GKEEI844CEKI,-1,-1.0,2015-03-31 00:39:48 UTC
3B9J25CZ25DUA5SPJ9UGQUGDKE0SC5,Fear of Vladimir Putin grows in EU capitals amid spectre of total war,A109CH3492UU42,-1,-1.0,2015-03-31 01:17:21 UTC
3UZUVSO3P7V698ZYV34P49HAD1WMEH,US troops authorised to kill Iranian agents in Iraq,A1GKEEI844CEKI,-1,-1.0,2015-03-31 00:39:34 UTC
3UDTAB6HH6ZSBY1AYN15EY9MJ1F09A,Iran faces fresh sanctions from EU - video,A109CH3492UU42,-1,-1.0,2015-03-31 01:16:59 UTC